"code_group","code","description"
"Head Office Status","L","Live"
"Head Office Status","Z","Unverified"
"Head Office Status","D","Dormant"
"Client Type","G","Global Mutlinational"
"Client Type","L","Global Mutlinational"
"Client Type","Z","Other"
"Client Type","S","Subsidiary"
"Client Source","WMP","MPI Website"
"Client Source","MRE","Referral"
"Client Source","MEC","Existing Client Business"
"Client Source","MCC","Cold Call"
"Client Source","MGA","General Awareness"
"Client Status","L","Live"
"Client Status","D","Dormant"
"Client Status","Z","Unverified"
"Country","C00","Afghanistan"
"Country","C012","Albania"
"Country","C013","Algeria"
"Country","C014","American Samoa"
"Country","C015","Andorra"
"Country","C016","Angola"
"Country","C017","Anguilla"
"Country","C018","Antigua and Barbuda"
"Country","C02","Argentina"
"Country","C021","Armenia"
"Country","C022","Aruba"
"Country","C03","Australia"
"Country","C04","Austria"
"Country","C041","Azerbaijan"
"Country","C05","Bahamas"
"Country","C06","Bahrain"
"Country","C061","Bangladesh"
"Country","C062","Barbados"
"Country","C063","Belarus"
"Country","C07","Belgium"
"Country","C071","Belize"
"Country","C072","Benin"
"Country","C08","Bermuda"
"Country","C081","Bhutan"
"Country","C082","Bolivia"
"Country","C09","Bosnia and Herzegovina"
"Country","C091","Botswana"
"Country","C10","Brazil"
"Country","C102","Brunei"
"Country","C11","Bulgaria"
"Country","C110","Burkina Faso"
"Country","C111","Burundi"
"Country","C112","Cambodia"
"Country","C113","Cameroon"
"Country","C12","Canada"
"Country","C120","Cape Verde"
"Country","C13","Cayman Islands"
"Country","C130","Central African Republic"
"Country","C131","Chad"
"Country","C140","Chile"
"Country","C15","China"
"Country","C150","Christmas Island"
"Country","C151","Cocos Island"
"Country","C152","Colombia"
"Country","C153","Comoros"
"Country","C155","Congo, Republic of"
"Country","C154","Congo, Democratic Republic of"
"Country","C156","Cook Islands"
"Country","C157","Costa Rica"
"Country","C158","Cote d'Ivoire"
"Country","C159","Croatia"
"Country","C160","Cuba"
"Country","C161","Cyprus"
"Country","C16","Czech Republic"
"Country","C17","Denmark"
"Country","C170","Djibouti"
"Country","C171","Dominica"
"Country","C172","Dominican Republic"
"Country","C173","Ecuador"
"Country","C174","Egypt"
"Country","C180","El Salvador"
"Country","C181","Equatorial Guinea"
"Country","C182","Eritrea"
"Country","C19","Estonia"
"Country","C190","Ethiopia"
"Country","C192","Falkland Islands (Malvinas)"
"Country","C191","Faeroe Islands"
"Country","C193","Fiji"
"Country","C20","Finland"
"Country","C21","France"
"Country","C210","French Guiana"
"Country","C211","French Polynesia"
"Country","C212","Gabon"
"Country","C213","Gambia"
"Country","C214","Georgia"
"Country","C22","Germany"
"Country","C220","Ghana"
"Country","C221","Gibraltar"
"Country","C23","Greece"
"Country","C230","Greenland"
"Country","C231","Grenada"
"Country","C232","Guadeloupe"
"Country","C233","Guam"
"Country","C234","Guatemala"
"Country","C236","Guinea"
"Country","C237","Guinea-Bissau"
"Country","C238","Guyana"
"Country","C239","Haiti"
"Country","C240","Honduras"
"Country","C24","Hong Kong, China"
"Country","C25","Hungary"
"Country","C250","Iceland"
"Country","C26","India"
"Country","C27","Indonesia"
"Country","C270","Iran"
"Country","C271","Iraq"
"Country","C272","Ireland"
"Country","C18","Eire/Southern Ireland"
"Country","C274","Israel"
"Country","C28","Italy"
"Country","C280","Jamaica"
"Country","C29","Japan"
"Country","C290","Jordan"
"Country","C30","Kazakhstan"
"Country","C300","Kenya"
"Country","C301","Kiribati"
"Country","C302","Korea, Democratic Republic of"
"Country","C303","Korea, Republic of"
"Country","C305","Kuwait"
"Country","C306","Kyrgyzstan"
"Country","C307","Laos"
"Country","C31","Latvia"
"Country","C32","Luxembourg"
"Country","C33","Malaysia"
"Country","C34","Mexico"
"Country","C35","Netherlands"
"Country","C36","New Zealand"
"Country","C37","Norway"
"Country","C39","Pakistan"
"Country","C40","Philippines"
"Country","C41","Poland"
"Country","C42","Portugal"
"Country","C43","Romania"
"Country","C44","Russia"
"Country","C45","Saudi Arabia"
"Country","C47","Singapore"
"Country","C48","Slovakia"
"Country","C49","Spain"
"Country","C50","Sweden"
"Country","C51","Switzerland"
"Country","C52","Thailand"
"Country","C53","Turkey"
"Country","C54","Ukraine"
"Country","C55","United Arab Emirates"
"Country","C56","United Kingdom"
"Country","C57","United States"
"Country","C58","Uzbekistan"
"Country","C101","British Virgin Islands"
"Education Level","A","Associate"
"Education Level","B","Bachelor"
"Education Level","MA","Masters Degree"
"Education Level","PHD","PHD"
"Education Level","JD","JD - Law"
"Job Source","MEC","Existing Client Business"
"Job Source","MPA","Print/Ad Chase"
"Job Source","MRE","Referral"
"Job Source","MON","Online Job"
"Job Status","X1","Filled By MP"
"Job Status","L","Live"
"Job Status","L1","Possible"
"Job Status","X2","Filled Internally"
"Job Status","X3","Filled by Competitor"
"Job Status","X4","Cancelled"
"Job Type","E","Temporary Vacancy"
"Job Type","C","Permanenent Vacancy"
"Job Type","CR","Retainer"
"Contract Job Pay Type","D","Daily"
"Contract Job Pay Type","H","Hourly"
"Contract Job Pay Type","W","Weekly"
"Contact Status","C","Current"
"Contact Status","P","Previous"
"Contact Status","Z","Unverified"
"Contact Role","G1","Managing Director"
"Contact Role","G2","General Manager"
"Contact Role","L1","Line Director"
"Contact Role","L2","Line Manager"
"Contact Role","L3","Line Other"
"Contact Role","P1","HR Director"
"Contact Role","P2","HR Manager"
"Title","MR","Mr."
"Title","MRS","Mrs."
"Title","MISS","Miss."
"Title","MS","Ms."
"Title","DR","Dr."
"Candidate Source","WMP","michaelpage.com"
"Candidate Source","MRF","Referral"
"Candidate Source","MHH","Headhunt"
"Candidate Source","MGA","General Awareness"
"Candidate Status","A1","Immediately Available"
"Candidate Status","A3","Temping Via MP"
"Candidate Status","A4","Temping Via Competitor"
"Candidate Status","D2","Placed via Competitor"
"Candidate Status","D4","Uncontactable"
"Candidate Status","D8","Independent Competitor"
"Candidate Status","D1","Placed via MP"
"Candidate Status","D7","Not Int in Temp"
"Candidate Status","D9","Not Int in Perm"
"Candidate Status","D6","Placed via Self"
"Candidate Status","D5","Incorrect Skill Set"
"Notice Period","4 W","Weeks"
"Notice Period","1 W","Weeks"
"Notice Period","2 W","Weeks"
"Notice Period","12 W","Weeks"
"Notice Period","3 W","Weeks"
"Candidate Default Role","C","Perm Candidate"
"Candidate Default Role","A","Temporary Candidate"
"Visa Type","V7","Student"
"Visa Type","V1","TN1-CA/MX"
"Visa Type","V2","E3-AU"
"Visa Type","V3","H1B-Work"
"Visa Type","V4","H4-Spouse"
"Visa Type","V5","L1-No Work"
"Visa Type","V6","L2-Spouse"
"Visa Type","V8","CA-Work"
"Candidate Type","C","Perm Candidate"
"Candidate Type","A","Temporary Candidate"
"Work History Status","C","Current"
"Work History Status","P","Previous"
"Work History Status","Z","Unverified"
"Work History Type","C","Permanent Position"
"Work History Type","A","Temporary Position"
"Work History Type","B","Contract Position"
"Interview Stage","Q31","Client Interview 1"
"Interview Stage","Q13","Face to Face Registration Interview"
"Interview Stage","Q32","Client Interview 2"
"Interview Stage","Q33","Client Interview 3"
"Interview Stage","Q34","Client Interview 4"
"Interview Stage","Q35","Client Interview 5"
"Interview Stage","Q36","Client Interview 6"
"Interview Stage","Q15","Telephone Registration Int"
"Latest Interview Stage","Q31","Client Interview 1"
"Latest Interview Stage","Q32","Client Interview 2"
"Latest Interview Stage","Q33","Client Interview 3"
"Latest Interview Stage","Q34","Client Interview 4"
"Latest Interview Stage","Q35","Client Interview 5"
"Latest Interview Stage","Q36","Client Interview 6"
"Shortlist Status","Placed By Us","Placed By Us"
"Shortlist Status","CV Sent","CV Sent"
"Shortlist Status","Interview Arranged","Interview Arranged"
"Shortlist Status","Interview Cancelled","Interview Cancelled"
"Shortlist Status","Perm Offer Accepted","Perm Offer Accepted"
"Shortlist Status","Temporary Offer Accepted","Temporary Offer Accepted"
"Shortlist Status","Perm Offer Rejected","Perm Offer Rejected"
"Shortlist Status","Temporary Offer Rejected","Temporary Offer Rejected"
"Shortlist Status","Shortlisted","Shortlisted"
"Shortlist Status","Permanent Offer","Permanent Offer"
"Shortlist Status","Temporary Booking","Temporary Booking"
"Stage Reached","Shortlist","Shortlist"
"Stage Reached","CV Sent","CV Sent"
"Stage Reached","Interview","Interview"
"Stage Reached","Offer","Offer"
"Stage Reached","Placement","Placement"
"Rejected By","A","Agency"
"Rejected Reason","WC","Would Consider for Future"
"Assignment Status","C","Current"
"Assignment Status","P","Previous"
"Assignment Type","1PA","Permanent Fee"
"Assignment Type","H","Temporary Booking"
"Assignment Pay Period","D","Daily"
"Assignment Pay Period","H","Hourly"
"Assignment Pay Period","W","Weekly"
"Team - Office","CMBS","Boston South"
"Team - Office","ENBS","Engineering Boston"
"Team - Office","BKBS","Bk Bos A&F/Risk"
"Team - Office","BKBI","Bk Bos Interim"
"Team - Office","SOBS","PP - Office Boston Temp"
"Team - Office","PSBS","Procure&Supply Boston"
"Team - Office","MSBS","Sales Mrktg Boston"
"Team - Office","CMIB","Boston Tax"
"Team - Office","XSUP","Support"
"Team - Office","ACCT","Accounting Dept"
"Team - Office","MKTG","Marketing Dept USA"
"Team - Office","COMP","Computer Dept"
"Team - Office","LSBS","Boston Life Science"
"Team - Office","BKB2","MP Boston Contracts"
"Team - Office","MSCH","Sales Mrktg Chicago"
"Team - Office","PSCH","Procure&Supply Chicago"
"Team - Office","CMIC","Interim Chicago"
"Team - Office","CMCH","Chicago F&A"
"Team - Office","BKCH","BK Chicago"
"Team - Office","FCSF","Finance San Francisco"
"Team - Office","HRSF","HR San Francisco"
"Team - Office","MSSF","Sales & Marketing San Francisco"
"Team - Office","MSLA","Sales Mrktg LA"
"Team - Office","FCLA","Finance & Account LA"
"Industry Sector","BS","Business Services"
"Industry Sector","MC","Management Consulting"
"Industry Sector","IT","Information Technology"
"Industry Sector","AC","Accounting Firm"
"Industry Sector","LE","Legal"
"Industry Sector","CG","Consumer Goods"
"Industry Sector","EP","Energy/Natural Resources"
"Industry Sector","OA","Agriculture & Forestry"
"Industry Sector","OE","Electric"
"Industry Sector","OG","Gas"
"Industry Sector","II","Mining"
"Industry Sector","EN","Nuclear"
"Industry Sector","OO","Oil"
"Industry Sector","OR","Renewable"
"Industry Sector","OU","Utilities"
"Industry Sector","OW","Water"
"Industry Sector","FB","Retail Bank"
"Industry Sector","FM","SellSide-InvBank/BrkrDlr/Cstdy"
"Industry Sector","MC","Mgmt Consulting"
"Industry Sector","FH","BySide-HedgeF/AssetMgmt/PvteEqty"
"Industry Sector","FC","Capital Leasing"
"Industry Sector","FS","Rating Agency(Fitch,Moody,S&P)"
"Industry Sector","FR","RgultoryBdy(FED,SEC)/Exchange"
"Industry Sector","PH","Pharma/Healthcare"
"Industry Sector","AR","Aerospace"
"Industry Sector","AU","Auto"
"Industry Sector","CH","Chemicals"
"Industry Sector","TL","Electronics"
"Industry Sector","EI","Engineering Industry"
"Industry Sector","MAN","Industrial Manufacturing"
"Industry Sector","TX","Textiles"
"Industry Sector","DE","E.P.C"
"Industry Sector","FI","Insurance"
"Industry Sector","LL","Leisure"
"Industry Sector","AG","Agency"
"Industry Sector","AD","Advertising"
"Industry Sector","ME","Media/Entertainment"
"Industry Sector","NP","Non-Profit"
"Industry Sector","NPA","NP - Arts/Culture"
"Industry Sector","NPE","NP - Environment/Animals"
"Industry Sector","NPH","NP - Human Services"
"Industry Sector","NPR","NP - Humanities/Religion"
"Industry Sector","RC","Real Estate/Construction"
"Industry Sector","RW","Retail/Wholesale"
"Industry Sector","TT","Telecoms"
"Qualification","PHD","PHD"
"Qualification","MB","MBA"
"Qualification","MA","Masters Degree"
"Qualification","B","Bachelor"
"Qualification","A","Associate"
"Qualification","CA","Chartered Accountant"
"Qualification","CGA","Certified General Accountant"
"Qualification","CMA","Certified Management Accounting"
"Qualification","CPA","Certified Public Accountant"
"Qualification","CISA","Certified Information Systems Auditor"
"Qualification","FCT","Formal Credit Training"
"Qualification","CFA","Chartered Financial Analyst"
"Qualification","CFE","Certified Fraud Examiner"
"Qualification","CIA","Certified Internal Auditor"
"Qualification","MST","Master of Science Taxation"
"Qualification","GPHR","Global Professional in HR"
"Qualification","PHR","Professional in HR"
"Qualification","SPHR","Senior Professional in HR"
"Qualification","EPMI","Project Management Certificate"
"Qualification","EPMP","Project Management Professional"
"Qualification","LABA","ABA Paralegal"
"Qualification","LBCT","Passed Bar CT"
"Qualification","LBIL","Passed Bar IL"
"Qualification","LBMA","Passed Bar MA"
"Qualification","LBNJ","Passed Bar NJ"
"Qualification","LBNY","Passed Bar NY"
"Qualification","LBOT","Passed Bar  - Other"
"Qualification","LBPA","Passed Bar PA"
"Qualification","JD","JD - Law"
"Qualification","PIRM","Cert. in Integrated Resource Mgmt"
"Qualification","PPIM","Certificate in Production & Inventory"
"Qualification","PFPI","Certified Fellow in Production & Inventory Management"
"Qualification","PCPP","Certified Purchasing Professional"
"Qualification","PLOG","Professional Logistician"
"Qualification","ECPP","Certified Purchasing Professional"
"Qualification","PSCP","Certified Supply Chain Professional"
"Qualification","EPEN","Professional Engineer"
"Qualification","PCIT","Canadian Insitute of Traffic & Transportation Designation"
"Qualification","1975","1975"
"Qualification","1976","1976"
"Qualification","1977","1977"
"Qualification","1978","1978"
"Qualification","1979","1979"
"Qualification","1980","1980"
"Qualification","1981","1981"
"Qualification","1982","1982"
"Qualification","1983","1983"
"Qualification","1984","1984"
"Qualification","1985","1985"
"Qualification","1986","1986"
"Qualification","1987","1987"
"Qualification","1988","1988"
"Qualification","1989","1989"
"Qualification","1990","1990"
"Qualification","1991","1991"
"Qualification","1992","1992"
"Qualification","1993","1993"
"Qualification","1994","1994"
"Qualification","1995","1995"
"Qualification","1996","1996"
"Qualification","1997","1997"
"Qualification","1998","1998"
"Qualification","1999","1999"
"Qualification","2000","2000"
"Qualification","2001","2001"
"Qualification","2002","2002"
"Qualification","2003","2003"
"Qualification","2004","2004"
"Qualification","2005","2005"
"Qualification","2006","2006"
"Qualification","2007","2007"
"Qualification","2008","2008"
"Qualification","2009","2009"
"Qualification","2010","2010"
"Qualification","2011","2011"
"Qualification","2012","2012"
"Qualification","2013","2013"
"Location","CAB","CA - Alberta"
"Location","CBC","CA - British Columbia"
"Location","CMB","CA - Manitoba"
"Location","CNB","CA - New Brunswick"
"Location","CNL","CA - New Foundland & Labrador"
"Location","CNS","CA - Nova Scotia"
"Location","CNSH","CA - Halifax"
"Location","CNT","CA - Northwest Territories"
"Location","CNU","CA - Nunavut"
"Location","CON","CA - Ontario"
"Location","COTB","CA - Brampton"
"Location","COTE","CA - Etobicoke"
"Location","COH","CA - Hamilton"
"Location","COK","CA - Kitchener"
"Location","COTA","CA - Markham"
"Location","COTM","CA - Mississauga"
"Location","COTN","CA - North York"
"Location","COTO","CA - Oakville"
"Location","COO","CA - Ottawa"
"Location","COTS","CA - Scarborough"
"Location","COTD","CA - Downtown Toronto"
"Location","COTV","CA - Vaughan"
"Location","CPE","CA - Prince Edward Island"
"Location","CQC","CA - Quebec  Province"
"Location","CQM","CA - Montreal"
"Location","CQQ","CA - Quebec City"
"Location","CSK","CA - Saskatchewan"
"Location","CYT","CA - Yukon"
"Location","UAA","Anywhere in US"
"Location","UAL","Alabama"
"Location","UAK","Alaska"
"Location","UAZ","Arizona"
"Location","UAR","Arkansas"
"Location","UCA","California"
"Location","SF01","Los Angeles Downtown"
"Location","SF08","Santa Monica"
"Location","SF02","San Diego"
"Location","SF03","San Jose"
"Location","SF06","Palo Alto"
"Location","SF04","San Francisco"
"Location","SF10","Sacramento"
"Location","SF09","Oakland"
"Location","SF07","Irvine"
"Location","SF05","Sausalito"
"Location","SF11","San Mateo"
"Location","UCO","Colorado"
"Location","TCTF","CT - Fairfield"
"Location","TCTH","CT - Hartford"
"Location","TCTN","CT - New Haven"
"Location","UDE","Deleware"
"Location","UDC","District of Columbia"
"Location","UFL","Florida"
"Location","UGA","GA - Atlanta"
"Location","UHI","Hawaii"
"Location","UID","Idaho"
"Location","UILC","IL - Chicago"
"Location","UILE","IL - Chicago City East"
"Location","UILT","IL - Chicago City West"
"Location","UILV","IL - Chicago Northern Suburbs"
"Location","UILX","IL - Chicago Northwest Suburbs"
"Location","UILZ","IL - Chicago Southwest Suburbs"
"Location","UILY","IL - Chicago Western Suburbs"
"Location","UIL","IL - Downstate"
"Location","UIN","Indiana"
"Location","UIA","Iowa"
"Location","UKS","Kansas"
"Location","UKY","Kentucky"
"Location","ULA","Louisiana"
"Location","NME","Maine"
"Location","UMD","Maryland"
"Location","UMD1","Prince George County"
"Location","UMD2","Montgomery County"
"Location","NMAB","MA - Boston"
"Location","NMAN","MA - Mass North"
"Location","NMAC","MA - Central"
"Location","NMAS","MA - Mass South"
"Location","NMAM","MA - Metro West"
"Location","UMI","Michigan"
"Location","UMN","Minnesota"
"Location","UMS","Mississippi"
"Location","UMO","Missouri"
"Location","UMT","Montana"
"Location","UNE","Nebraska"
"Location","UNV","Nevada"
"Location","NNH","New Hampshire"
"Location","TJCE","NJ - Central East"
"Location","TJCW","NJ - Central West"
"Location","TNJW","NJ - Central West"
"Location","TJNO","NJ - Northern"
"Location","TJSO","NJ - Sourthern"
"Location","UNM","New Mexico"
"Location","TNYL","NYS - Long Island"
"Location","TNCA","NYS - NYC (5 Boroughs)"
"Location","TNCX","NYS - Bronx"
"Location","TNCK","NYS - Brooklyn"
"Location","TNCE","NYS - East Manhattan"
"Location","TNCW","NYS - West Manhattan"
"Location","TNCQ","NYS - Queens"
"Location","TNCS","NYS - Staten Island"
"Location","TNYR","NYS - Rockland / Orange"
"Location","TNYW","NYS - Westchester"
"Location","TNYU","NYS - Upstate"
"Location","UNC","North Carolina"
"Location","UND","North Dakota"
"Location","UOH","Ohio"
"Location","UOK","Oklahoma"
"Location","UOR","Oregon"
"Location","UPA","Pennsylvania"
"Location","UPAB","PA - Bucks County"
"Location","UPAH","PA - Chester County"
"Location","UPAD","PA - Delaware County"
"Location","UPAM","PA - Montgomery County"
"Location","UPAC","PA - Philadelphia"
"Location","UPR","Puerto Rico"
"Location","NRI","Rhode Island"
"Location","USC","South Carolina"
"Location","USD","South Dakota"
"Location","UTN","Tennessee"
"Location","TX01","Texas North"
"Location","TX02","Texas South"
"Location","TX03","Texas West"
"Location","YX04","Texas East"
"Location","TXH1","Houston - Downtown"
"Location","TXH2","Houston - West"
"Location","TXH3","Houston - East"
"Location","TXH4","Houston - South"
"Location","TXH5","Houston - North"
"Location","TXS1","San Antonio"
"Location","TXD1","Dallas"
"Location","TXA1","Austin"
"Location","TXF1","Fort Worth"
"Location","TXG1","Galveston"
"Location","UUT","Utah"
"Location","NVT","Vermont"
"Location","UVA","Virgina"
"Location","UVA1","Arlington"
"Location","UWA","Washington"
"Location","UWV","West Virgina"
"Location","UWI","Wisconsin"
"Location","UWY","Wyoming"
"Location","CF","Africa"
"Location","SAR","Argentina"
"Location","AU","Australia"
"Location","WAT","Austria"
"Location","BBS","Bahamas"
"Location","MBH","Bahrain"
"Location","WBE","Belgium"
"Location","BBM","Bermuda"
"Location","SBM","Bermuda"
"Location","EBA","Bosnia & Herzegova"
"Location","SBR","Brazil"
"Location","EBG","Bulgaria"
"Location","BKY","Cayman Islands"
"Location","PCN","China"
"Location","ECZ","Czech Republic"
"Location","WDK","Denmark"
"Location","WIE","Eire / Southern Ireland"
"Location","EEE","Estonia"
"Location","WFI","Finland"
"Location","WFR","France"
"Location","WDE","Germany"
"Location","WGR","Greece"
"Location","PHK","Hong Kong"
"Location","EHU","Hungary"
"Location","PIN","India"
"Location","PID","Indonesia"
"Location","WIT","Italy"
"Location","PJP","Japan"
"Location","EZK","Kazakhstan"
"Location","ELV","Latvia"
"Location","WLU","Luxembourg"
"Location","PMY","Malaysia"
"Location","SMX","Mexico"
"Location","WNL","Netherlands"
"Location","NZ","New Zealand"
"Location","WNO","Norway"
"Location","PPK","Pakistan"
"Location","PPH","Philippines"
"Location","EPL","Poland"
"Location","WPT","Portugal"
"Location","ERO","Romania"
"Location","ERU","Russia"
"Location","MSA","Saudi Arabia"
"Location","PSG","Singapore"
"Location","ESK","Slovakia"
"Location","WES","Spain"
"Location","WSE","Sweden"
"Location","WCH","Switzerland"
"Location","PTH","Thailand"
"Location","ETR","Turkey"
"Location","EUA","Ukraine"
"Location","MAE","United Arab Emirates"
"Location","WGB","United Kingdom"
"Job Category","F","Finance & Banking"
"Job Category","O","Page Personnel"
"Job Category","E","Engineering & Procurement"
"Job Category","G","Michael Page"
"Job Category","H","Human Resources"
"Job Category","L","Legal"
"Job Category","S","Sales & Marketing"
"Job Category","I","Information Technology"
"Job Category","A","Coleridge & Valmore"
"Job Category","J","Oil & Gas"
"Client Document Type","WGTC","Terms & Conditions"
"Client Document Type","WCRH","Client Relationship History/Structure"
"Client Document Type","WCSD","Company Structure Diagram"
"Client Document Type","Y15","Client Credit Check (ACCT)"
"Client Document Type","E","Email"
"Client Document Type","Zmsg","Email Received (Attachments)"
"Client Document Type","WCON","Contact Notes"
"Client Document Type","WGPP","Proposal"
"Client Document Type","WPPR","Proposal"
"Client Document Type","WPSA","Preferred Supplier Agreement"
"Client Document Type","PPT","Power Point File"
"Client Document Type","WDOC","Event Document"
"Client Document Type","Y11","CA Signed MSA"
"Client Document Type","XLS","Excel Spreadsheet"
"Client Document Type","Y","Acrobat Document"
"Client Document Type","TIF","Image File"
"Contact Document Type","WEVT","Event Attachment"
"Contact Document Type","822","Email Sent Attachments"
"Contact Document Type","E","Emails"
"Contact Document Type","Zmsg","Email Received (Attachments)"
"Contact Document Type","WCON","Contact Notes"
"Contact Document Type","PPT","Power Point Presentation"
"Contact Document Type","Y","Acrobat Document"
"Contact Document Type","WDOC","Event Document"
"Contact Document Type","XLS","Excel Document"
"Contact Document Type","WSIG","Email Disclaimer"
"Contact Document Type","Y12","Indpt Contr Agreement"
"Contact Document Type","Y13","Perm Placement Compliance"
"Candidate Document Type","WPC7","Registration Form"
"Candidate Document Type","Y14","Registration Form (PDF)"
"Candidate Document Type","Y05","CA Sgnd Offer Letter"
"Candidate Document Type","Y13","Perm Placement Compliance"
"Candidate Document Type","ZMSG","Email Received"
"Candidate Document Type","822","Email Sent Attachments"
"Candidate Document Type","WPCR","Candidate Report"
"Candidate Document Type","WPC4","Anonymous CV"
"Candidate Document Type","WPC5","MP CV Name"
"Candidate Document Type","WPC6","MP CV Ref_Number"
"Candidate Document Type","WPC7","PP CV Name"
"Candidate Document Type","WPC8","PP CV Ref_Number"
"Candidate Document Type","WPCO","MP Formatted CV"
"Candidate Document Type","WPC1","First CV"
"Candidate Document Type","WPC2","Second CV"
"Candidate Document Type","WPC3","Third CV"
"Candidate Document Type","WVIS","Visa"
"Candidate Document Type","Y01","Copy of Cand ID"
"Candidate Document Type","WPRF","Reference"
"Candidate Document Type","E","Email"
"Candidate Document Type","Zmsg","Email Received (Attachments)"
"Candidate Document Type","WINT","Internal Interview Notes"
"Candidate Document Type","PPT","Power Point Presentation"
"Candidate Document Type","TIF","Image File"
"Candidate Document Type","WDOC","Event Document"
"Candidate Document Type","XLS","Excel Spreadsheet"
"Candidate Document Type","Y","Acrobat Document"
"Candidate Document Type","WSIG","Email Disclaimer"
"Candidate Document Type","Y12","Indpt Contr Agreement"
"Candidate Document Type","Y02","Cmplt Cand Info Form"
"Candidate Document Type","Y03","Cmplt Fed Tax Forms"
"Candidate Document Type","Y04","Cmplt St/Prov Tax Forms"
"Job Document Type","Zmsg","Email Received (Attachments)"
"Job Document Type","E06","Client Offr Acpt Conf"
"Job Document Type","E07","Cand Offr Acpt Conf"
"Job Document Type","Y06","Client Offr Acpt Conf"
"Job Document Type","Y07","Cand Offr Acpt Conf"
"Job Document Type","Y08","Offer Letter"
"Job Document Type","WPPR","Proposal"
"Job Document Type","Y09","Mgr Conf Plcmt & Comp"
"Job Document Type","Y10","CA Signed ISL"
"Job Document Type","WPJS","Job Spec"
"Job Document Type","PPT","Power Point Presentation"
"Job Document Type","TIF","Image File"
"Job Document Type","WDOC","Event Document"
"Job Document Type","XLS","Excel Spreadsheet"
"Job Document Type","Y","Acrobat Document"
"Job Document Type","E","Email"
"Candidate Job Group (Skill)","U05","Civil / Structural Engineer"
"Candidate Job Group (Skill)","U07","Construction Design Engineer"
"Candidate Job Group (Skill)","U14","Facilities Management / Techincal Manager"
"Candidate Job Group (Skill)","U17","Geo / Environment Engineering"
"Candidate Job Group (Skill)","U19","Method Engineer"
"Candidate Job Group (Skill)","P01","Contract & Vendor Management"
"Candidate Job Group (Skill)","P02","Direct Procurement"
"Candidate Job Group (Skill)","P03","Indirect Procurement"
"Candidate Job Group (Skill)","P04","Order Management / Master Data PO Numbers (Purchase Order)"
"Candidate Job Group (Skill)","P05","Procurement Coordinator"
"Candidate Job Group (Skill)","P06","Procurement Director"
"Candidate Job Group (Skill)","P07","Procurement / Spend Analysis"
"Candidate Job Group (Skill)","P08","Project Buyer"
"Candidate Job Group (Skill)","Q01","Customer Service (Supply Chain)"
"Candidate Job Group (Skill)","Q02","Deman Planning"
"Candidate Job Group (Skill)","Q03","Import / Export"
"Candidate Job Group (Skill)","Q04","Information Flow / Logistics (Head Office)"
"Candidate Job Group (Skill)","Q06","Material Handler"
"Candidate Job Group (Skill)","Q07","Network Modelling"
"Candidate Job Group (Skill)","Q08","Production Planning"
"Candidate Job Group (Skill)","Q09","Project Consultancy"
"Candidate Job Group (Skill)","Q10","Real Flow / Logistics (In Factory)"
"Candidate Job Group (Skill)","Q11","Sales Forecast (Supply Chain)"
"Candidate Job Group (Skill)","Q12","Supply Chain Analysis"
"Candidate Job Group (Skill)","Q13","Supply Chain Director"
"Candidate Job Group (Skill)","Q14","Supply Chain Manager"
"Candidate Job Group (Skill)","Q15","Supply Planning"
"Candidate Job Group (Skill)","Q16","Third Party Logistics (3PL) - Commercial Manager"
"Candidate Job Group (Skill)","Q17","Transport / Distribution Manager"
"Candidate Job Group (Skill)","Q18","Warehouse Manager"
"Candidate Job Group (Skill)","Q19","Inventory Manager"
"Candidate Job Group (Skill)","E01","After Sales Service (Field Service)"
"Candidate Job Group (Skill)","E02","Application Engineering"
"Candidate Job Group (Skill)","E03","Automation Specialist"
"Candidate Job Group (Skill)","E04","Calculation Engineering"
"Candidate Job Group (Skill)","E05","Chemical & Process Engineering"
"Candidate Job Group (Skill)","E06","Engineering & Manufactuing Design"
"Candidate Job Group (Skill)","E07","Draughtsman"
"Candidate Job Group (Skill)","E08","E&M Project Management"
"Candidate Job Group (Skill)","E09","E& M Quality"
"Candidate Job Group (Skill)","E10","Electrical Engineering"
"Candidate Job Group (Skill)","E11","Engineering / Industrial Director"
"Candidate Job Group (Skill)","E12","E&M Health, Safety & Environment"
"Candidate Job Group (Skill)","E13","Installation Engineering"
"Candidate Job Group (Skill)","E14","Lean Manufacturing / Processing"
"Candidate Job Group (Skill)","E15","Maintenance / Reliability Engineering"
"Candidate Job Group (Skill)","E16","Mechanical Engineering"
"Candidate Job Group (Skill)","E17","Operations"
"Candidate Job Group (Skill)","E18","Patent"
"Candidate Job Group (Skill)","E19","Plant Manager"
"Candidate Job Group (Skill)","E20","Production / Manufacturing"
"Candidate Job Group (Skill)","E21","Research & Development"
"Candidate Job Group (Skill)","E22","Training & Development"
"Candidate Job Group (Skill)","E23","Head of Department (E&M)"
"Candidate Job Group (Skill)","G01","Geosciences"
"Candidate Job Group (Skill)","G02","Commissioning and Maintenance"
"Candidate Job Group (Skill)","G03","Exploration & Production Engineering"
"Candidate Job Group (Skill)","G04","Instrumentation"
"Candidate Job Group (Skill)","G05","Offshore Logistics"
"Candidate Job Group (Skill)","G06","Offshore Services"
"Candidate Job Group (Skill)","G07","Oil & Gas Design"
"Candidate Job Group (Skill)","G08","Oil & Gas Drilling"
"Candidate Job Group (Skill)","G09","Oil & Gas Health, Safety & Environment Quality"
"Candidate Job Group (Skill)","G10","Oil & Gas Process Engineering"
"Candidate Job Group (Skill)","G11","Oil & Gas Project / Contract Management"
"Candidate Job Group (Skill)","G12","Subsea Engineering"
"Candidate Job Group (Skill)","G13","Terminal & Refinery Management"
"Candidate Job Group (Skill)","G14","Head of Department (Oil & Gas)"
"Candidate Job Group (Skill)","G15","Construction (Oil & Gas)"
"Candidate Job Group (Skill)","G16","Pipeline Engineering"
"Candidate Job Group (Skill)","G17","Process Safety / Loss Prevention"
"Candidate Job Group (Skill)","G18","Terminal Operations"
"Candidate Job Group (Skill)","G19","EPC Contractor"
"Client Job Group (Skill)","U05","Civil / Structural Engineer"
"Client Job Group (Skill)","U07","Construction Design Engineer"
"Client Job Group (Skill)","U14","Facilities Management / Techincal Manager"
"Client Job Group (Skill)","U17","Geo / Environment Engineering"
"Client Job Group (Skill)","U19","Method Engineer"
"Client Job Group (Skill)","P01","Contract & Vendor Management"
"Client Job Group (Skill)","P02","Direct Procurement"
"Client Job Group (Skill)","P03","Indirect Procurement"
"Client Job Group (Skill)","P04","Order Management / Master Data PO Numbers (Purchase Order)"
"Client Job Group (Skill)","P05","Procurement Coordinator"
"Client Job Group (Skill)","P06","Procurement Director"
"Client Job Group (Skill)","P07","Procurement / Spend Analysis"
"Client Job Group (Skill)","P08","Project Buyer"
"Client Job Group (Skill)","Q01","Customer Service (Supply Chain)"
"Client Job Group (Skill)","Q02","Deman Planning"
"Client Job Group (Skill)","Q03","Import / Export"
"Client Job Group (Skill)","Q04","Information Flow / Logistics (Head Office)"
"Client Job Group (Skill)","Q06","Material Handler"
"Client Job Group (Skill)","Q07","Network Modelling"
"Client Job Group (Skill)","Q08","Production Planning"
"Client Job Group (Skill)","Q09","Project Consultancy"
"Client Job Group (Skill)","Q10","Real Flow / Logistics (In Factory)"
"Client Job Group (Skill)","Q11","Sales Forecast (Supply Chain)"
"Client Job Group (Skill)","Q12","Supply Chain Analysis"
"Client Job Group (Skill)","Q13","Supply Chain Director"
"Client Job Group (Skill)","Q14","Supply Chain Manager"
"Client Job Group (Skill)","Q15","Supply Planning"
"Client Job Group (Skill)","Q16","Third Party Logistics (3PL) - Commercial Manager"
"Client Job Group (Skill)","Q17","Transport / Distribution Manager"
"Client Job Group (Skill)","Q18","Warehouse Manager"
"Client Job Group (Skill)","Q19","Inventory Manager"
"Client Job Group (Skill)","E01","After Sales Service (Field Service)"
"Client Job Group (Skill)","E02","Application Engineering"
"Client Job Group (Skill)","E03","Automation Specialist"
"Client Job Group (Skill)","E04","Calculation Engineering"
"Client Job Group (Skill)","E05","Chemical & Process Engineering"
"Client Job Group (Skill)","E06","Engineering & Manufactuing Design"
"Client Job Group (Skill)","E07","Draughtsman"
"Client Job Group (Skill)","E08","E&M Project Management"
"Client Job Group (Skill)","E09","E& M Quality"
"Client Job Group (Skill)","E10","Electrical Engineering"
"Client Job Group (Skill)","E11","Engineering / Industrial Director"
"Client Job Group (Skill)","E12","E&M Health, Safety & Environment"
"Client Job Group (Skill)","E13","Installation Engineering"
"Client Job Group (Skill)","E14","Lean Manufacturing / Processing"
"Client Job Group (Skill)","E15","Maintenance / Reliability Engineering"
"Client Job Group (Skill)","E16","Mechanical Engineering"
"Client Job Group (Skill)","E17","Operations"
"Client Job Group (Skill)","E18","Patent"
"Client Job Group (Skill)","E19","Plant Manager"
"Client Job Group (Skill)","E20","Production / Manufacturing"
"Client Job Group (Skill)","E21","Research & Development"
"Client Job Group (Skill)","E22","Training & Development"
"Client Job Group (Skill)","E23","Head of Department (E&M)"
"Client Job Group (Skill)","G01","Geosciences"
"Client Job Group (Skill)","G02","Commissioning and Maintenance"
"Client Job Group (Skill)","G03","Exploration & Production Engineering"
"Client Job Group (Skill)","G04","Instrumentation"
"Client Job Group (Skill)","G05","Offshore Logistics"
"Client Job Group (Skill)","G06","Offshore Services"
"Client Job Group (Skill)","G07","Oil & Gas Design"
"Client Job Group (Skill)","G08","Oil & Gas Drilling"
"Client Job Group (Skill)","G09","Oil & Gas Health, Safety & Environment Quality"
"Client Job Group (Skill)","G10","Oil & Gas Process Engineering"
"Client Job Group (Skill)","G11","Oil & Gas Project / Contract Management"
"Client Job Group (Skill)","G12","Subsea Engineering"
"Client Job Group (Skill)","G13","Terminal & Refinery Management"
"Client Job Group (Skill)","G14","Head of Department (Oil & Gas)"
"Client Job Group (Skill)","G15","Construction (Oil & Gas)"
"Client Job Group (Skill)","G16","Pipeline Engineering"
"Client Job Group (Skill)","G17","Process Safety / Loss Prevention"
"Client Job Group (Skill)","G18","Terminal Operations"
"Client Job Group (Skill)","G19","EPC Contractor"
"Client Specialist Skill (Skill)","P001","Ambient Food (Procurement & Supply Chain)"
"Client Specialist Skill (Skill)","P002","Capex"
"Client Specialist Skill (Skill)","P003","Chilled Food (Procurement & Supply Chain)"
"Client Specialist Skill (Skill)","P004","Co-Managed Inventory"
"Client Specialist Skill (Skill)","P005","Commissioning (Procurement & Supply Chain)"
"Client Specialist Skill (Skill)","P006","Custom (Procurement & Supply Chain)"
"Client Specialist Skill (Skill)","P007","Downstream Logistics"
"Client Specialist Skill (Skill)","P008","Electrical Components"
"Client Specialist Skill (Skill)","P009","E-Sourcing (Procurement & Supply Chain)"
"Client Specialist Skill (Skill)","P010","Facilities Procurement"
"Client Specialist Skill (Skill)","P011","Frozen Food (Procurement & Supply Chain)"
"Client Specialist Skill (Skill)","P012","Imports (Procurement & Supply Chain)"
"Client Specialist Skill (Skill)","P013","IT / Telco Hardware"
"Client Specialist Skill (Skill)","P014","IT / Telco Networks"
"Client Specialist Skill (Skill)","P015","IT / Telco Software"
"Client Specialist Skill (Skill)","P016","Juinor Procurement"
"Client Specialist Skill (Skill)","P017","Logistics / Third Party Logistics (3PL)"
"Client Specialist Skill (Skill)","P018","Low Cost Country Sourcing"
"Client Specialist Skill (Skill)","P019","Maintenance Repair & Operating"
"Client Specialist Skill (Skill)","P020","Marketing Procurement"
"Client Specialist Skill (Skill)","P021","Mechanical Components"
"Client Specialist Skill (Skill)","P022","Metals (Procurement & Supply Chain)"
"Client Specialist Skill (Skill)","P023","Offshoring (Procurement & Supply Chain)"
"Client Specialist Skill (Skill)","P024","OJEU - Official Journal of the European Union"
"Client Specialist Skill (Skill)","P025","Outsourcing (Procurement & Supply Chain)"
"Client Specialist Skill (Skill)","P026","Packaging (Procurement & Supply Chain)"
"Client Specialist Skill (Skill)","P027","Paper (Procurement & Supply Chain)"
"Client Specialist Skill (Skill)","P028","Pet Food (Procurement & Supply Chain)"
"Client Specialist Skill (Skill)","P029","Plastics (Procurement & Supply Chain)"
"Client Specialist Skill (Skill)","P030","Professional Services (Procurement & Supply Chain)"
"Client Specialist Skill (Skill)","P031","Purchase-to-pay"
"Client Specialist Skill (Skill)","P032","Quality Supplier"
"Client Specialist Skill (Skill)","P033","Reverse Logistics"
"Client Specialist Skill (Skill)","P034","Shipping & Distribution"
"Client Specialist Skill (Skill)","P035","Sub-Contract"
"Client Specialist Skill (Skill)","P036","Supplier / Contracts Management"
"Client Specialist Skill (Skill)","P037","Tenders (Procurement & Supply Chain)"
"Client Specialist Skill (Skill)","P038","Travel Procurements"
"Client Specialist Skill (Skill)","P039","Upstream Logistics"
"Client Specialist Skill (Skill)","P040","Utilities (Procurement & Supply Chain)"
"Client Specialist Skill (Skill)","E001","Automation"
"Client Specialist Skill (Skill)","E002","Automotive Other"
"Client Specialist Skill (Skill)","E003","Automotive Chassis"
"Client Specialist Skill (Skill)","E004","Automotive Engine"
"Client Specialist Skill (Skill)","E005","Automotive Exterior Trim"
"Client Specialist Skill (Skill)","E006","Automotive Interior Trim"
"Client Specialist Skill (Skill)","E007","Automotive Power Train / Transmission"
"Client Specialist Skill (Skill)","E008","CAE / Simulation ( Computer-Aided Engineering)"
"Client Specialist Skill (Skill)","E009","Chemicals"
"Client Specialist Skill (Skill)","E010","Engineer"
"Client Specialist Skill (Skill)","E011","Electircal - Insturmentation & Control"
"Client Specialist Skill (Skill)","E012","Electrical - Power"
"Client Specialist Skill (Skill)","E013","Electricity"
"Client Specialist Skill (Skill)","E014","Electronics"
"Client Specialist Skill (Skill)","E015","Hydraulics"
"Client Specialist Skill (Skill)","E016","Installation / Commissioning"
"Client Specialist Skill (Skill)","E018","Materials"
"Client Specialist Skill (Skill)","E019","Mechanics"
"Client Specialist Skill (Skill)","E020","Planning & Scheduling"
"Client Specialist Skill (Skill)","E021","Product Development"
"Client Specialist Skill (Skill)","E022","Risk Analysis"
"Client Specialist Skill (Skill)","E023","Robotics"
"Client Specialist Skill (Skill)","E024","Shift Management"
"Client Specialist Skill (Skill)","E025","Systems"
"Client Specialist Skill (Skill)","E026","Technician (Engineering & Manufacturing)"
"Client Specialist Skill (Skill)","E027","Testing Measurement"
"Client Specialist Skill (Skill)","E028","Thermic"
"Client Specialist Skill (Skill)","E029","Trade (Plumbers, Carpenters)"
"Client Specialist Skill (Skill)","E030","Water Management / Treatment"
"Client Specialist Skill (Skill)","E031","Welding"
"Client Specialist Skill (Skill)","G001","Seismic Interpretation"
"Client Specialist Skill (Skill)","G002","Cementing"
"Client Specialist Skill (Skill)","G003","Coiled Tubing"
"Client Specialist Skill (Skill)","G004","Completion"
"Client Specialist Skill (Skill)","G005","Coring"
"Client Specialist Skill (Skill)","G006","Corrosion"
"Client Specialist Skill (Skill)","G007","Diving / Remotely Operated Vehicles (ROV)"
"Client Specialist Skill (Skill)","G008","Equipment"
"Client Specialist Skill (Skill)","G009","Exploration Data Management"
"Client Specialist Skill (Skill)","G010","Facilities (Oil & Gas)"
"Client Specialist Skill (Skill)","G011","Fire Fighting"
"Client Specialist Skill (Skill)","G012","Fishing Tools"
"Client Specialist Skill (Skill)","G013","Fluids"
"Client Specialist Skill (Skill)","G014","Gas Turbine"
"Client Specialist Skill (Skill)","G015","Geophysics"
"Client Specialist Skill (Skill)","G016","Inspection"
"Client Specialist Skill (Skill)","G017","Installation"
"Client Specialist Skill (Skill)","G018","Lift Engineering"
"Client Specialist Skill (Skill)","G019","Liquified Natural Gas (LNG)"
"Client Specialist Skill (Skill)","G020","Measurement Well Drilling (MWD)"
"Client Specialist Skill (Skill)","G021","Mud Logging"
"Client Specialist Skill (Skill)","G022","Naval"
"Client Specialist Skill (Skill)","G023","Operations Geology"
"Client Specialist Skill (Skill)","G024","Petrophysics"
"Client Specialist Skill (Skill)","G025","Pig"
"Client Specialist Skill (Skill)","G026","Pipeline Engineering"
"Client Specialist Skill (Skill)","G027","Pumping"
"Client Specialist Skill (Skill)","G028","Refinery Operations"
"Client Specialist Skill (Skill)","G029","Reservoir Engineering"
"Client Specialist Skill (Skill)","G030","Stimulation"
"Client Specialist Skill (Skill)","G031","Survey"
"Client Specialist Skill (Skill)","G032","Terminal Operations"
"Client Specialist Skill (Skill)","G033","Waste Management"
"Client Specialist Skill (Skill)","G034","Well Engineering"
"Client Specialist Skill (Skill)","G035","Wireline"
"Client Specialist Skill (Skill)","G036","Workover"
"Candidate Specialist Skill (Skill)","P001","Ambient Food (Procurement & Supply Chain)"
"Candidate Specialist Skill (Skill)","P002","Capex"
"Candidate Specialist Skill (Skill)","P003","Chilled Food (Procurement & Supply Chain)"
"Candidate Specialist Skill (Skill)","P004","Co-Managed Inventory"
"Candidate Specialist Skill (Skill)","P005","Commissioning (Procurement & Supply Chain)"
"Candidate Specialist Skill (Skill)","P006","Custom (Procurement & Supply Chain)"
"Candidate Specialist Skill (Skill)","P007","Downstream Logistics"
"Candidate Specialist Skill (Skill)","P008","Electrical Components"
"Candidate Specialist Skill (Skill)","P009","E-Sourcing (Procurement & Supply Chain)"
"Candidate Specialist Skill (Skill)","P010","Facilities Procurement"
"Candidate Specialist Skill (Skill)","P011","Frozen Food (Procurement & Supply Chain)"
"Candidate Specialist Skill (Skill)","P012","Imports (Procurement & Supply Chain)"
"Candidate Specialist Skill (Skill)","P013","IT / Telco Hardware"
"Candidate Specialist Skill (Skill)","P014","IT / Telco Networks"
"Candidate Specialist Skill (Skill)","P015","IT / Telco Software"
"Candidate Specialist Skill (Skill)","P016","Juinor Procurement"
"Candidate Specialist Skill (Skill)","P017","Logistics / Third Party Logistics (3PL)"
"Candidate Specialist Skill (Skill)","P018","Low Cost Country Sourcing"
"Candidate Specialist Skill (Skill)","P019","Maintenance Repair & Operating"
"Candidate Specialist Skill (Skill)","P020","Marketing Procurement"
"Candidate Specialist Skill (Skill)","P021","Mechanical Components"
"Candidate Specialist Skill (Skill)","P022","Metals (Procurement & Supply Chain)"
"Candidate Specialist Skill (Skill)","P023","Offshoring (Procurement & Supply Chain)"
"Candidate Specialist Skill (Skill)","P024","OJEU - Official Journal of the European Union"
"Candidate Specialist Skill (Skill)","P025","Outsourcing (Procurement & Supply Chain)"
"Candidate Specialist Skill (Skill)","P026","Packaging (Procurement & Supply Chain)"
"Candidate Specialist Skill (Skill)","P027","Paper (Procurement & Supply Chain)"
"Candidate Specialist Skill (Skill)","P028","Pet Food (Procurement & Supply Chain)"
"Candidate Specialist Skill (Skill)","P029","Plastics (Procurement & Supply Chain)"
"Candidate Specialist Skill (Skill)","P030","Professional Services (Procurement & Supply Chain)"
"Candidate Specialist Skill (Skill)","P031","Purchase-to-pay"
"Candidate Specialist Skill (Skill)","P032","Quality Supplier"
"Candidate Specialist Skill (Skill)","P033","Reverse Logistics"
"Candidate Specialist Skill (Skill)","P034","Shipping & Distribution"
"Candidate Specialist Skill (Skill)","P035","Sub-Contract"
"Candidate Specialist Skill (Skill)","P036","Supplier / Contracts Management"
"Candidate Specialist Skill (Skill)","P037","Tenders (Procurement & Supply Chain)"
"Candidate Specialist Skill (Skill)","P038","Travel Procurements"
"Candidate Specialist Skill (Skill)","P039","Upstream Logistics"
"Candidate Specialist Skill (Skill)","P040","Utilities (Procurement & Supply Chain)"
"Candidate Specialist Skill (Skill)","E001","Automation"
"Candidate Specialist Skill (Skill)","E002","Automotive Other"
"Candidate Specialist Skill (Skill)","E003","Automotive Chassis"
"Candidate Specialist Skill (Skill)","E004","Automotive Engine"
"Candidate Specialist Skill (Skill)","E005","Automotive Exterior Trim"
"Candidate Specialist Skill (Skill)","E006","Automotive Interior Trim"
"Candidate Specialist Skill (Skill)","E007","Automotive Power Train / Transmission"
"Candidate Specialist Skill (Skill)","E008","CAE / Simulation ( Computer-Aided Engineering)"
"Candidate Specialist Skill (Skill)","E009","Chemicals"
"Candidate Specialist Skill (Skill)","E010","Engineer"
"Candidate Specialist Skill (Skill)","E011","Electircal - Insturmentation & Control"
"Candidate Specialist Skill (Skill)","E012","Electrical - Power"
"Candidate Specialist Skill (Skill)","E013","Electricity"
"Candidate Specialist Skill (Skill)","E014","Electronics"
"Candidate Specialist Skill (Skill)","E015","Hydraulics"
"Candidate Specialist Skill (Skill)","E016","Installation / Commissioning"
"Candidate Specialist Skill (Skill)","E018","Materials"
"Candidate Specialist Skill (Skill)","E019","Mechanics"
"Candidate Specialist Skill (Skill)","E020","Planning & Scheduling"
"Candidate Specialist Skill (Skill)","E021","Product Development"
"Candidate Specialist Skill (Skill)","E022","Risk Analysis"
"Candidate Specialist Skill (Skill)","E023","Robotics"
"Candidate Specialist Skill (Skill)","E024","Shift Management"
"Candidate Specialist Skill (Skill)","E025","Systems"
"Candidate Specialist Skill (Skill)","E026","Technician (Engineering & Manufacturing)"
"Candidate Specialist Skill (Skill)","E027","Testing Measurement"
"Candidate Specialist Skill (Skill)","E028","Thermic"
"Candidate Specialist Skill (Skill)","E029","Trade (Plumbers, Carpenters)"
"Candidate Specialist Skill (Skill)","E030","Water Management / Treatment"
"Candidate Specialist Skill (Skill)","E031","Welding"
"Candidate Specialist Skill (Skill)","G001","Seismic Interpretation"
"Candidate Specialist Skill (Skill)","G002","Cementing"
"Candidate Specialist Skill (Skill)","G003","Coiled Tubing"
"Candidate Specialist Skill (Skill)","G004","Completion"
"Candidate Specialist Skill (Skill)","G005","Coring"
"Candidate Specialist Skill (Skill)","G006","Corrosion"
"Candidate Specialist Skill (Skill)","G007","Diving / Remotely Operated Vehicles (ROV)"
"Candidate Specialist Skill (Skill)","G008","Equipment"
"Candidate Specialist Skill (Skill)","G009","Exploration Data Management"
"Candidate Specialist Skill (Skill)","G010","Facilities (Oil & Gas)"
"Candidate Specialist Skill (Skill)","G011","Fire Fighting"
"Candidate Specialist Skill (Skill)","G012","Fishing Tools"
"Candidate Specialist Skill (Skill)","G013","Fluids"
"Candidate Specialist Skill (Skill)","G014","Gas Turbine"
"Candidate Specialist Skill (Skill)","G015","Geophysics"
"Candidate Specialist Skill (Skill)","G016","Inspection"
"Candidate Specialist Skill (Skill)","G017","Installation"
"Candidate Specialist Skill (Skill)","G018","Lift Engineering"
"Candidate Specialist Skill (Skill)","G019","Liquified Natural Gas (LNG)"
"Candidate Specialist Skill (Skill)","G020","Measurement Well Drilling (MWD)"
"Candidate Specialist Skill (Skill)","G021","Mud Logging"
"Candidate Specialist Skill (Skill)","G022","Naval"
"Candidate Specialist Skill (Skill)","G023","Operations Geology"
"Candidate Specialist Skill (Skill)","G024","Petrophysics"
"Candidate Specialist Skill (Skill)","G025","Pig"
"Candidate Specialist Skill (Skill)","G026","Pipeline Engineering"
"Candidate Specialist Skill (Skill)","G027","Pumping"
"Candidate Specialist Skill (Skill)","G028","Refinery Operations"
"Candidate Specialist Skill (Skill)","G029","Reservoir Engineering"
"Candidate Specialist Skill (Skill)","G030","Stimulation"
"Candidate Specialist Skill (Skill)","G031","Survey"
"Candidate Specialist Skill (Skill)","G032","Terminal Operations"
"Candidate Specialist Skill (Skill)","G033","Waste Management"
"Candidate Specialist Skill (Skill)","G034","Well Engineering"
"Candidate Specialist Skill (Skill)","G035","Wireline"
"Candidate Specialist Skill (Skill)","G036","Workover"
"Candidate Job Group (Skill)","FPA","Financial Planning & Analysis / Budgets / Forecasts"
"Candidate Job Group (Skill)","ZC","Compliance"
"Candidate Job Group (Skill)","ZY","Structured Finance"
"Candidate Job Group (Skill)","ZV","Operations / Back Office / Settlements / Corpoate Actions"
"Candidate Job Group (Skill)","ZU","Operations / Trade Support / Middle Office"
"Candidate Job Group (Skill)","TAX","Tax"
"Candidate Job Group (Skill)","PPTX","PP-Tax/Trusts"
"Candidate Job Group (Skill)","TR","Treasury"
"Candidate Job Group (Skill)","MC","Management Consulting"
"Candidate Job Group (Skill)","ZAP","Personal Assistant"
"Candidate Job Group (Skill)","ACT","Actuary"
"Candidate Job Group (Skill)","UW","Underwriter"
"Candidate Job Group (Skill)","FND","NP - Development"
"Candidate Job Group (Skill)","PPP","PP - Partner"
"Candidate Job Group (Skill)","ZPM","Performance Msrmnt"
"Client Job Group (Skill)","FPA","Financial Planning & Analysis / Budgets / Forecasts"
"Client Job Group (Skill)","ZC","Compliance"
"Client Job Group (Skill)","ZY","Structured Finance"
"Client Job Group (Skill)","ZV","Operations / Back Office / Settlements / Corpoate Actions"
"Client Job Group (Skill)","ZU","Operations / Trade Support / Middle Office"
"Client Job Group (Skill)","TAX","Tax"
"Client Job Group (Skill)","PPTX","PP-Tax/Trusts"
"Client Job Group (Skill)","TR","Treasury"
"Client Job Group (Skill)","MC","Management Consulting"
"Client Job Group (Skill)","ZAP","Personal Assistant"
"Client Job Group (Skill)","ACT","Actuary"
"Client Job Group (Skill)","UW","Underwriter"
"Client Job Group (Skill)","FND","NP - Development"
"Client Job Group (Skill)","PPP","PP - Partner"
"Client Job Group (Skill)","ZPM","Performance Msrmnt"
"Client Specialist Skill (Skill)","FP","Acctng Policy/FASB/GAAP"
"Client Specialist Skill (Skill)","FNG","NP-Grant Acct"
"Client Specialist Skill (Skill)","MR","Market Risk"
"Client Specialist Skill (Skill)","OR","Operational Risk"
"Client Specialist Skill (Skill)","ZFC","Extrnl Fin&Reg Reporting"
"Candidate Specialist Skill (Skill)","FP","Acctng Policy/FASB/GAAP"
"Candidate Specialist Skill (Skill)","FNG","NP-Grant Acct"
"Candidate Specialist Skill (Skill)","MR","Market Risk"
"Candidate Specialist Skill (Skill)","OR","Operational Risk"
"Candidate Specialist Skill (Skill)","ZFC","Extrnl Fin&Reg Reporting"
"Candidate Job Group (Skill)","CR","Campus Recruiter"
"Candidate Job Group (Skill)","HH","HR HRIS"
"Candidate Job Group (Skill)","HC","HR Consultancy"
"Client Job Group (Skill)","CR","Campus Recruiter"
"Client Job Group (Skill)","HH","HR HRIS"
"Client Job Group (Skill)","HC","HR Consultancy"
"Candidate Job Group (Skill)","SFS","Field Sales"
"Client Job Group (Skill)","SFS","Field Sales"
"Candidate Job Group (Skill)","LAG","In-House AGC"
"Client Job Group (Skill)","LAG","In-House AGC"
"Candidate Specialist Skill (Skill)","IBIA","Business Objects"
"Candidate Specialist Skill (Skill)","IBIB","Cognos"
"Candidate Specialist Skill (Skill)","IBIC","Crystal Reports"
"Candidate Specialist Skill (Skill)","IBID","HYPERION"
"Candidate Specialist Skill (Skill)","IBIE","Microsoft Access"
"Candidate Specialist Skill (Skill)","IBIF","MicroStrategy"
"Candidate Specialist Skill (Skill)","IBIH","Oracle Reports"
"Candidate Specialist Skill (Skill)","IBII","SAP BW - (Bus.Intelligence)"
"Candidate Specialist Skill (Skill)","IBIJ","SAS"
"Candidate Specialist Skill (Skill)","IBIK","SQL Transact"
"Candidate Specialist Skill (Skill)","ICDI","Catia"
"Candidate Specialist Skill (Skill)","ICDP","Photoshop"
"Candidate Specialist Skill (Skill)","ICDR","Flash"
"Candidate Specialist Skill (Skill)","ICRA","PeopleSoft - CRM"
"Candidate Specialist Skill (Skill)","ICRB","SAP CRM"
"Candidate Specialist Skill (Skill)","ICRC","Siebel"
"Candidate Specialist Skill (Skill)","IDBA","Access"
"Candidate Specialist Skill (Skill)","IDBB","Oracle Applications"
"Candidate Specialist Skill (Skill)","IDBC","Oracle Databases"
"Candidate Specialist Skill (Skill)","IDBD","SQL Server"
"Candidate Specialist Skill (Skill)","IDBE","DB2"
"Candidate Specialist Skill (Skill)","IDBF","Informix"
"Candidate Specialist Skill (Skill)","IDBI","Sybase"
"Candidate Specialist Skill (Skill)","IDV1","XML"
"Candidate Specialist Skill (Skill)","IDVA","Windev"
"Candidate Specialist Skill (Skill)","IDVB","Generation GAP"
"Candidate Specialist Skill (Skill)","IDVC","EDM"
"Candidate Specialist Skill (Skill)","IDVD","Java/JSP/J2EE"
"Candidate Specialist Skill (Skill)","IDVE","Javascript"
"Candidate Specialist Skill (Skill)","IDVF","Opensource"
"Candidate Specialist Skill (Skill)","IDVG","Microsoft"
"Candidate Specialist Skill (Skill)","IDVH","JD Edwards"
"Candidate Specialist Skill (Skill)","IDVI","C"
"Candidate Specialist Skill (Skill)","IDVJ","C#"
"Candidate Specialist Skill (Skill)","IDVK","C++"
"Candidate Specialist Skill (Skill)","IDVL","HTML"
"Candidate Specialist Skill (Skill)","IDVM",".Net"
"Candidate Specialist Skill (Skill)","IDVN","Visual Basic (VBA)"
"Candidate Specialist Skill (Skill)","IDVO","UML"
"Candidate Specialist Skill (Skill)","IDVQ","ASP"
"Candidate Specialist Skill (Skill)","IDVR","Oracle Forms"
"Candidate Specialist Skill (Skill)","IDVS","PL/SQL"
"Candidate Specialist Skill (Skill)","IDVT","SAP ABAP"
"Candidate Specialist Skill (Skill)","IDVU","ColdFusion"
"Candidate Specialist Skill (Skill)","IDVX","PHP/Pearl"
"Candidate Specialist Skill (Skill)","IERG","SAP R3"
"Candidate Specialist Skill (Skill)","IERH","SAP R4"
"Candidate Specialist Skill (Skill)","IERK","PeopleSoft - ERP"
"Candidate Specialist Skill (Skill)","IERL","JDEdwards"
"Candidate Specialist Skill (Skill)","IERO","Microsoft Dynamics NAV/Navision"
"Candidate Specialist Skill (Skill)","IERQ","Oracle"
"Candidate Specialist Skill (Skill)","INTB","Active Directory"
"Candidate Specialist Skill (Skill)","INTC","Cisco"
"Candidate Specialist Skill (Skill)","INTD","Citrix"
"Candidate Specialist Skill (Skill)","INTH","Storage Area Network (SAN)"
"Candidate Specialist Skill (Skill)","INTJ","VPN"
"Candidate Specialist Skill (Skill)","INTK","Wireless Area Network (WAN)"
"Candidate Specialist Skill (Skill)","IPMA","SRM"
"Candidate Specialist Skill (Skill)","IPMB","SAP - Manufacturing"
"Candidate Specialist Skill (Skill)","IPMC","SAP MM-Materials Management"
"Candidate Specialist Skill (Skill)","IPMD","SAP APO-Advanced Planning & Optimisation"
"Candidate Specialist Skill (Skill)","IPME","SAP PP-Production Planning"
"Candidate Specialist Skill (Skill)","IPMF","SAP AM-Asset Management"
"Candidate Specialist Skill (Skill)","IPMG","SAP PM-Plant Maintenance"
"Candidate Specialist Skill (Skill)","IPMH","SAP Product Lifecycle Management"
"Candidate Specialist Skill (Skill)","IPMI","SAP PS-Project Systems"
"Candidate Specialist Skill (Skill)","IPMJ","SAP SCM-Supply Chain Management"
"Candidate Specialist Skill (Skill)","IPMK","SAP SD-Sales Distribution"
"Candidate Specialist Skill (Skill)","IPML","SAP SRM-Supplier Relationship Management"
"Candidate Specialist Skill (Skill)","IPMN","Oracle Supply Chain Management"
"Candidate Specialist Skill (Skill)","IPMP","Project Mangement Planning/Institute(PMP/PMI)"
"Candidate Specialist Skill (Skill)","ITSA","Software"
"Candidate Specialist Skill (Skill)","ITSB","User Acceptance Testing(UAT)"
"Candidate Job Group (Skill)","I11","Corporate Governance"
"Candidate Job Group (Skill)","I12","Database Administration"
"Candidate Job Group (Skill)","I13","Development"
"Candidate Job Group (Skill)","I14","Helpdesk / Support"
"Candidate Job Group (Skill)","I15","Infrastructure"
"Candidate Job Group (Skill)","I16","IT Architect"
"Candidate Job Group (Skill)","I17","IT Audit"
"Candidate Job Group (Skill)","I18","IT Director / CTO / CIO"
"Candidate Job Group (Skill)","I19","IT Manager"
"Candidate Job Group (Skill)","I20","IT Training"
"Candidate Job Group (Skill)","I22","Testing / Quality"
"Candidate Job Group (Skill)","I23","Website Management"
"Client Job Group (Skill)","I11","Corporate Governance"
"Client Job Group (Skill)","I12","Database Administration"
"Client Job Group (Skill)","I13","Development"
"Client Job Group (Skill)","I14","Helpdesk / Support"
"Client Job Group (Skill)","I15","Infrastructure"
"Client Job Group (Skill)","I16","IT Architect"
"Client Job Group (Skill)","I17","IT Audit"
"Client Job Group (Skill)","I18","IT Director / CTO / CIO"
"Client Job Group (Skill)","I19","IT Manager"
"Client Job Group (Skill)","I20","IT Training"
"Client Job Group (Skill)","I22","Testing / Quality"
"Client Job Group (Skill)","I23","Website Management"
"Candidate Job Group (Skill)","A13","External Audit/Assurance FS"
"Candidate Job Group (Skill)","A16","Financial Accountant"
"Candidate Job Group (Skill)","A17","Financial Analyst"
"Candidate Job Group (Skill)","A20","Insolvency/Recovery/Bankruptcy"
"Candidate Job Group (Skill)","A24","Plant/Industrial Controller/Cost Accountant"
"Candidate Job Group (Skill)","A26","Accounts Receivable"
"Candidate Job Group (Skill)","B06","Real Estate Acquisitions"
"Candidate Job Group (Skill)","B07","Retail Banking Management"
"Candidate Job Group (Skill)","B08","Retail Banking Financial Advisory/Personal"
"Candidate Job Group (Skill)","B09","Retail Banking Mid-Sized Business Company Advisor"
"Candidate Job Group (Skill)","B11","Retail Banking-Small Business Company Advisor"
"Candidate Job Group (Skill)","B14","Security Officer (FS&B)"
"Candidate Job Group (Skill)","T11","Tax In House"
"Candidate Job Group (Skill)","T12","Treasurer"
"Candidate Job Group (Skill)","H14","Employee and Labor Relations"
"Candidate Job Group (Skill)","H17","HR Business Partner"
"Candidate Job Group (Skill)","O11","Call Center"
"Candidate Job Group (Skill)","O12","Communication Assistant"
"Candidate Job Group (Skill)","O16","Interpreter / Translator"
"Candidate Job Group (Skill)","O18","Logistics Assistant"
"Candidate Job Group (Skill)","O21","Purchasing Assistant"
"Candidate Job Group (Skill)","O23","Sales Support/ Customer Service"
"Candidate Job Group (Skill)","O24","Secretary"
"Candidate Job Group (Skill)","O25","Supply Chain Assistant"
"Candidate Job Group (Skill)","O26","Trading Floor Assistant"
"Candidate Job Group (Skill)","L13","Company/Corporate Secretary"
"Candidate Job Group (Skill)","L17","Law Clerk"
"Candidate Job Group (Skill)","L20","Litigation Support/E-discovery"
"Candidate Job Group (Skill)","L23","Professional Support Lawyer/Attorney"
"Candidate Job Group (Skill)","L24","Scientific Advisor /Patent Agent"
"Candidate Job Group (Skill)","M12","Category Management"
"Candidate Job Group (Skill)","M13","Consumer Insight"
"Candidate Job Group (Skill)","M24","Marketing Research"
"Candidate Job Group (Skill)","M27","Social Marketing"
"Candidate Job Group (Skill)","M29","Web Analytics"
"Candidate Job Group (Skill)","S11","B2B Business Development Manager"
"Candidate Job Group (Skill)","S13","Bid & Tenders"
"Candidate Job Group (Skill)","S14","Export Sales"
"Candidate Job Group (Skill)","S15","Field Sales Engineer"
"Candidate Job Group (Skill)","S16","Group Business Director"
"Candidate Job Group (Skill)","S17","National Accounts"
"Candidate Job Group (Skill)","S18","Pharmaceutical Sales"
"Candidate Job Group (Skill)","S22","Sales Representative"
"Candidate Job Group (Skill)","S23","Sales Support"
"Candidate Job Group (Skill)","S24","Telesales"
"Client Job Group (Skill)","A13","External Audit/Assurance FS"
"Client Job Group (Skill)","A16","Financial Accountant"
"Client Job Group (Skill)","A17","Financial Analyst"
"Client Job Group (Skill)","A20","Insolvency/Recovery/Bankruptcy"
"Client Job Group (Skill)","A24","Plant/Industrial Controller/Cost Accountant"
"Client Job Group (Skill)","A26","Accounts Receivable"
"Client Job Group (Skill)","B06","Real Estate Acquisitions"
"Client Job Group (Skill)","B07","Retail Banking Management"
"Client Job Group (Skill)","B08","Retail Banking Financial Advisory/Personal"
"Client Job Group (Skill)","B09","Retail Banking Mid-Sized Business Company Advisor"
"Client Job Group (Skill)","B11","Retail Banking-Small Business Company Advisor"
"Client Job Group (Skill)","B14","Security Officer (FS&B)"
"Client Job Group (Skill)","T11","Tax In House"
"Client Job Group (Skill)","T12","Treasurer"
"Client Job Group (Skill)","H14","Employee and Labor Relations"
"Client Job Group (Skill)","H17","HR Business Partner"
"Client Job Group (Skill)","O11","Call Center"
"Client Job Group (Skill)","O12","Communication Assistant"
"Client Job Group (Skill)","O16","Interpreter / Translator"
"Client Job Group (Skill)","O18","Logistics Assistant"
"Client Job Group (Skill)","O21","Purchasing Assistant"
"Client Job Group (Skill)","O23","Sales Support/ Customer Service"
"Client Job Group (Skill)","O24","Secretary"
"Client Job Group (Skill)","O25","Supply Chain Assistant"
"Client Job Group (Skill)","O26","Trading Floor Assistant"
"Client Job Group (Skill)","L13","Company/Corporate Secretary"
"Client Job Group (Skill)","L17","Law Clerk"
"Client Job Group (Skill)","L20","Litigation Support/E-discovery"
"Client Job Group (Skill)","L23","Professional Support Lawyer/Attorney"
"Client Job Group (Skill)","L24","Scientific Advisor /Patent Agent"
"Client Job Group (Skill)","M12","Category Management"
"Client Job Group (Skill)","M13","Consumer Insight"
"Client Job Group (Skill)","M24","Marketing Research"
"Client Job Group (Skill)","M27","Social Marketing"
"Client Job Group (Skill)","M29","Web Analytics"
"Client Job Group (Skill)","S11","B2B Business Development Manager"
"Client Job Group (Skill)","S13","Bid & Tenders"
"Client Job Group (Skill)","S14","Export Sales"
"Client Job Group (Skill)","S15","Field Sales Engineer"
"Client Job Group (Skill)","S16","Group Business Director"
"Client Job Group (Skill)","S17","National Accounts"
"Client Job Group (Skill)","S18","Pharmaceutical Sales"
"Client Job Group (Skill)","S22","Sales Representative"
"Client Job Group (Skill)","S23","Sales Support"
"Client Job Group (Skill)","S24","Telesales"
"Candidate Job Group (Skill)","X01","Chairman"
"Candidate Job Group (Skill)","X03","Managing Director (MD) / Country"
"Candidate Job Group (Skill)","X05","Non-Executive Board"
"Candidate Job Group (Skill)","X09","Trustees"
"Candidate Job Group (Skill)","X10","Board Member"
"Client Job Group (Skill)","X01","Chairman"
"Client Job Group (Skill)","X03","Managing Director (MD) / Country"
"Client Job Group (Skill)","X05","Non-Executive Board"
"Client Job Group (Skill)","X09","Trustees"
"Client Job Group (Skill)","X10","Board Member"
"Candidate Language (Skill)","ARA","Arabic"
"Candidate Language (Skill)","BUL","Bulgarian"
"Candidate Language (Skill)","BOS","Bosnian"
"Candidate Language (Skill)","CAN","Cantonese"
"Candidate Language (Skill)","CZE","Czech"
"Candidate Language (Skill)","DAN","Danish"
"Candidate Language (Skill)","GER","German"
"Candidate Language (Skill)","GRE","Greek"
"Candidate Language (Skill)","ENG","English"
"Candidate Language (Skill)","SPA","Spanish"
"Candidate Language (Skill)","EST","Estonian"
"Candidate Language (Skill)","FIN","Finnish"
"Candidate Language (Skill)","FRE","French"
"Candidate Language (Skill)","CRO","Croatian"
"Candidate Language (Skill)","HUN","Hungarian"
"Candidate Language (Skill)","ITA","Italian"
"Candidate Language (Skill)","JAP","Japanese"
"Candidate Language (Skill)","KOR","Korean"
"Candidate Language (Skill)","LAT","Latvian"
"Candidate Language (Skill)","MAN","Mandarin"
"Candidate Language (Skill)","DUT","Dutch"
"Candidate Language (Skill)","NOR","Norwegian"
"Candidate Language (Skill)","POL","Polish"
"Candidate Language (Skill)","POR","Portuguese"
"Candidate Language (Skill)","ROM","Romanian"
"Candidate Language (Skill)","RUS","Russian"
"Candidate Language (Skill)","SLO","Slovenian"
"Candidate Language (Skill)","SER","Serbian"
"Candidate Language (Skill)","SWE","Swedish"
"Candidate Language (Skill)","THA","Thai"
"Candidate Language (Skill)","TUR","Turkish"
"Candidate Language (Skill)","UKR","Ukrainian"
"Candidate Language (Skill)","UZB","Ukbeki"
"Client Language (Skill)","ARA","Arabic"
"Client Language (Skill)","BUL","Bulgarian"
"Client Language (Skill)","BOS","Bosnian"
"Client Language (Skill)","CAN","Cantonese"
"Client Language (Skill)","CZE","Czech"
"Client Language (Skill)","DAN","Danish"
"Client Language (Skill)","GER","German"
"Client Language (Skill)","GRE","Greek"
"Client Language (Skill)","ENG","English"
"Client Language (Skill)","SPA","Spanish"
"Client Language (Skill)","EST","Estonian"
"Client Language (Skill)","FIN","Finnish"
"Client Language (Skill)","FRE","French"
"Client Language (Skill)","CRO","Croatian"
"Client Language (Skill)","HUN","Hungarian"
"Client Language (Skill)","ITA","Italian"
"Client Language (Skill)","JAP","Japanese"
"Client Language (Skill)","KOR","Korean"
"Client Language (Skill)","LAT","Latvian"
"Client Language (Skill)","MAN","Mandarin"
"Client Language (Skill)","DUT","Dutch"
"Client Language (Skill)","NOR","Norwegian"
"Client Language (Skill)","POL","Polish"
"Client Language (Skill)","POR","Portuguese"
"Client Language (Skill)","ROM","Romanian"
"Client Language (Skill)","RUS","Russian"
"Client Language (Skill)","SLO","Slovenian"
"Client Language (Skill)","SER","Serbian"
"Client Language (Skill)","SWE","Swedish"
"Client Language (Skill)","THA","Thai"
"Client Language (Skill)","TUR","Turkish"
"Client Language (Skill)","UKR","Ukrainian"
"Client Language (Skill)","UZB","Ukbeki"
"Client Specialist Skill (Skill)","HHS","Health & Safety CANADA ONLY"
"Candidate Specialist Skill (Skill)","HHS","Health & Safety CANADA ONLY"
"Client Specialist Skill (Skill)","LBS","Blue Sky"
"Client Specialist Skill (Skill)","LCM","Capital Markets"
"Client Specialist Skill (Skill)","LCV","Civil Litigation"
"Client Specialist Skill (Skill)","LCC","Class Actions"
"Client Specialist Skill (Skill)","LCL","Commercial Litigation"
"Client Specialist Skill (Skill)","LCO","Compliance"
"Client Specialist Skill (Skill)","LCA","Contracts"
"Client Specialist Skill (Skill)","LCG","Corporate - General"
"Client Specialist Skill (Skill)","LCT","Corporate Taxation"
"Client Specialist Skill (Skill)","LCS","Credit / Structured Finance"
"Client Specialist Skill (Skill)","LCR","Criminal"
"Client Specialist Skill (Skill)","LDI","Derivatives / ISDA"
"Client Specialist Skill (Skill)","LEM","Employment"
"Client Specialist Skill (Skill)","LEN","Environment"
"Client Specialist Skill (Skill)","LDF","Divorce / Family"
"Client Specialist Skill (Skill)","LFG","FS - General"
"Client Specialist Skill (Skill)","LIM","Immigration"
"Client Specialist Skill (Skill)","LIN","Insurance"
"Client Specialist Skill (Skill)","LFI","Funds / Investment Management"
"Client Specialist Skill (Skill)","LMA","Mergers & Acquisitions"
"Client Specialist Skill (Skill)","LPI","Personal Injury / Torts"
"Client Specialist Skill (Skill)","LPT","Personal Taxation"
"Client Specialist Skill (Skill)","LPE","Private Equity"
"Client Specialist Skill (Skill)","LPL","Product Liability"
"Client Specialist Skill (Skill)","LRS","Regulatory / SEC / Compliance"
"Client Specialist Skill (Skill)","LBR","Bankruptcy / Restructuring"
"Client Specialist Skill (Skill)","LUS","US Securities"
"Client Specialist Skill (Skill)","LSO","Social (Legal)"
"Client Specialist Skill (Skill)","LTE","Trusts & Estates"
"Client Specialist Skill (Skill)","LFW","Fraud / White Collar Crime"
"Candidate Specialist Skill (Skill)","LBS","Blue Sky"
"Candidate Specialist Skill (Skill)","LCM","Capital Markets"
"Candidate Specialist Skill (Skill)","LCV","Civil Litigation"
"Candidate Specialist Skill (Skill)","LCC","Class Actions"
"Candidate Specialist Skill (Skill)","LCL","Commercial Litigation"
"Candidate Specialist Skill (Skill)","LCO","Compliance"
"Candidate Specialist Skill (Skill)","LCA","Contracts"
"Candidate Specialist Skill (Skill)","LCG","Corporate - General"
"Candidate Specialist Skill (Skill)","LCT","Corporate Taxation"
"Candidate Specialist Skill (Skill)","LCS","Credit / Structured Finance"
"Candidate Specialist Skill (Skill)","LCR","Criminal"
"Candidate Specialist Skill (Skill)","LDI","Derivatives / ISDA"
"Candidate Specialist Skill (Skill)","LEM","Employment"
"Candidate Specialist Skill (Skill)","LEN","Environment"
"Candidate Specialist Skill (Skill)","LDF","Divorce / Family"
"Candidate Specialist Skill (Skill)","LFG","FS - General"
"Candidate Specialist Skill (Skill)","LIM","Immigration"
"Candidate Specialist Skill (Skill)","LIN","Insurance"
"Candidate Specialist Skill (Skill)","LFI","Funds / Investment Management"
"Candidate Specialist Skill (Skill)","LMA","Mergers & Acquisitions"
"Candidate Specialist Skill (Skill)","LPI","Personal Injury / Torts"
"Candidate Specialist Skill (Skill)","LPT","Personal Taxation"
"Candidate Specialist Skill (Skill)","LPE","Private Equity"
"Candidate Specialist Skill (Skill)","LPL","Product Liability"
"Candidate Specialist Skill (Skill)","LRS","Regulatory / SEC / Compliance"
"Candidate Specialist Skill (Skill)","LBR","Bankruptcy / Restructuring"
"Candidate Specialist Skill (Skill)","LUS","US Securities"
"Candidate Specialist Skill (Skill)","LSO","Social (Legal)"
"Candidate Specialist Skill (Skill)","LTE","Trusts & Estates"
"Candidate Specialist Skill (Skill)","LFW","Fraud / White Collar Crime"
"Candidate Specialist Skill (Skill)","IBSK","Microsoft SharePoint"
"Candidate Specialist Skill (Skill)","IBSM","SAP - mySAP"
"Candidate Specialist Skill (Skill)","IBSN","Oracle EBS"
"Candidate Consultant (Skill)","SBDM","David Moan"
"Candidate Job Group (Skill)","ZH","Mergers & Acquisitions, Corporate Finance"
"Candidate Job Group (Skill)","PPCF","PP-Corp Finance"
"Candidate Job Group (Skill)","CR","Credit Risk"
"Candidate Job Group (Skill)","ZD","Credit Research"
"Client Job Group (Skill)","ZH","Mergers & Acquisitions, Corporate Finance"
"Client Job Group (Skill)","PPCF","PP-Corp Finance"
"Client Job Group (Skill)","CR","Credit Risk"
"Client Job Group (Skill)","ZD","Credit Research"
"Candidate Job Group (Skill)","BA","Business Analyst / Systems Analyst"
"Candidate Job Group (Skill)","I10","Business Analysis"
"Candidate Job Group (Skill)","ZK","Project Manager - Financial Services"
"Candidate Job Group (Skill)","I21","Project / Programme Manager (PMO)"
"Client Job Group (Skill)","BA","Business Analyst / Systems Analyst"
"Client Job Group (Skill)","I10","Business Analysis"
"Client Job Group (Skill)","ZK","Project Manager - Financial Services"
"Client Job Group (Skill)","I21","Project / Programme Manager (PMO)"
"Candidate Job Group (Skill)","MA","Agency"
"Candidate Job Group (Skill)","MACR","Client / Investor Relations"
"Candidate Job Group (Skill)","MARF","RFP"
"Candidate Job Group (Skill)","MAN","Analysis & Planning"
"Client Job Group (Skill)","MA","Agency"
"Client Job Group (Skill)","MACR","Client / Investor Relations"
"Client Job Group (Skill)","MARF","RFP"
"Client Job Group (Skill)","MAN","Analysis & Planning"
"Candidate Job Group (Skill)","A10","Bookkeeping"
"Candidate Job Group (Skill)","ACC","Accountant /Bookkeeper"
"Candidate Job Group (Skill)","A11","Credit Control/Management"
"Candidate Job Group (Skill)","CC","Credit Control /AR"
"Candidate Job Group (Skill)","A12","External Audit"
"Candidate Job Group (Skill)","PPA","PP - Audit"
"Candidate Job Group (Skill)","A14","Controller"
"Candidate Job Group (Skill)","FD","Financial Controller"
"Candidate Job Group (Skill)","A15","CFO"
"Candidate Job Group (Skill)","CFO","Chief Financial Officer"
"Candidate Job Group (Skill)","A21","Internal Audit"
"Candidate Job Group (Skill)","IA","Internal Audit"
"Candidate Job Group (Skill)","A22","Investor Relations"
"Candidate Job Group (Skill)","CS","Ops-Client / Investor Relations"
"Candidate Job Group (Skill)","A23","Payroll"
"Candidate Job Group (Skill)","PAY","Payroll"
"Candidate Job Group (Skill)","A25","Accounts Payable"
"Candidate Job Group (Skill)","FU","Accounts Payable"
"Candidate Job Group (Skill)","B04","Product Control(FS&B)"
"Candidate Job Group (Skill)","ZG","Product Control"
"Candidate Job Group (Skill)","B05","Quants"
"Candidate Job Group (Skill)","QR","Quantitative Risk Analyst"
"Candidate Job Group (Skill)","B10","Retail Banking Mortgage Advisor"
"Candidate Job Group (Skill)","Z1","Retail Banking - Mortgage"
"Candidate Job Group (Skill)","B16","Venture Capitalist/Private Equity"
"Candidate Job Group (Skill)","ZN","Equity Research"
"Candidate Job Group (Skill)","O10","Administrator"
"Candidate Job Group (Skill)","ADM","Administrative Assistant"
"Candidate Job Group (Skill)","O13","Data Entry"
"Candidate Job Group (Skill)","ZAD","Data Entry"
"Candidate Job Group (Skill)","O14","Executive Assistant"
"Candidate Job Group (Skill)","zae","Executive Assistant"
"Candidate Job Group (Skill)","O20","Office Manager"
"Candidate Job Group (Skill)","ZAO","Office Assistant"
"Candidate Job Group (Skill)","O22","Receptionist"
"Candidate Job Group (Skill)","ZAR","Front Desk Reception"
"Client Job Group (Skill)","A10","Bookkeeping"
"Client Job Group (Skill)","ACC","Accountant /Bookkeeper"
"Client Job Group (Skill)","A11","Credit Control/Management"
"Client Job Group (Skill)","CC","Credit Control /AR"
"Client Job Group (Skill)","A12","External Audit"
"Client Job Group (Skill)","PPA","PP - Audit"
"Client Job Group (Skill)","A14","Controller"
"Client Job Group (Skill)","FD","Financial Controller"
"Client Job Group (Skill)","A15","CFO"
"Client Job Group (Skill)","CFO","Chief Financial Officer"
"Client Job Group (Skill)","A21","Internal Audit"
"Client Job Group (Skill)","IA","Internal Audit"
"Client Job Group (Skill)","A22","Investor Relations"
"Client Job Group (Skill)","CS","Ops-Client / Investor Relations"
"Client Job Group (Skill)","A23","Payroll"
"Client Job Group (Skill)","PAY","Payroll"
"Client Job Group (Skill)","A25","Accounts Payable"
"Client Job Group (Skill)","FU","Accounts Payable"
"Client Job Group (Skill)","B04","Product Control(FS&B)"
"Client Job Group (Skill)","ZG","Product Control"
"Client Job Group (Skill)","B05","Quants"
"Client Job Group (Skill)","QR","Quantitative Risk Analyst"
"Client Job Group (Skill)","B10","Retail Banking Mortgage Advisor"
"Client Job Group (Skill)","Z1","Retail Banking - Mortgage"
"Client Job Group (Skill)","B12","Risk Management(FS&B)"
"Client Job Group (Skill)","ZP","Risk Management"
"Client Job Group (Skill)","B16","Venture Capitalist/Private Equity"
"Client Job Group (Skill)","ZN","Equity Research"
"Client Job Group (Skill)","O10","Administrator"
"Client Job Group (Skill)","ADM","Administrative Assistant"
"Client Job Group (Skill)","O13","Data Entry"
"Client Job Group (Skill)","ZAD","Data Entry"
"Client Job Group (Skill)","O14","Executive Assistant"
"Client Job Group (Skill)","zae","Executive Assistant"
"Client Job Group (Skill)","O20","Office Manager"
"Client Job Group (Skill)","ZAO","Office Assistant"
"Client Job Group (Skill)","O22","Receptionist"
"Client Job Group (Skill)","ZAR","Front Desk Reception"
"Candidate Job Group (Skill)","B02","Portfolio/Fund/Asset Manager"
"Candidate Job Group (Skill)","ZF","Fund Accounting / NAV"
"Candidate Job Group (Skill)","ZPR","Portfolio Manager"
"Candidate Job Group (Skill)","B03","Private Banker/Relationship Manager/Wealth Manager"
"Candidate Job Group (Skill)","ZB","Corporate Banking Relationship Manager"
"Candidate Job Group (Skill)","ZS","Private Banking"
"Candidate Job Group (Skill)","B13","Sales & Trading"
"Candidate Job Group (Skill)","ZQ","Institutional Sales"
"Candidate Job Group (Skill)","ZR","Trading"
"Client Job Group (Skill)","B02","Portfolio/Fund/Asset Manager"
"Client Job Group (Skill)","ZF","Fund Accounting / NAV"
"Client Job Group (Skill)","ZPR","Portfolio Manager"
"Client Job Group (Skill)","B03","Private Banker/Relationship Manager/Wealth Manager"
"Client Job Group (Skill)","ZB","Corporate Banking Relationship Manager"
"Client Job Group (Skill)","ZS","Private Banking"
"Client Job Group (Skill)","B13","Sales & Trading"
"Client Job Group (Skill)","ZQ","Institutional Sales"
"Client Job Group (Skill)","ZR","Trading"
"Candidate Job Group (Skill)","H10","Benefits (HR)"
"Candidate Job Group (Skill)","CB","HR Benefits"
"Candidate Job Group (Skill)","H13","Diversity"
"Candidate Job Group (Skill)","HD","HR Diversity"
"Candidate Job Group (Skill)","H20","Learning/Training & Development"
"Candidate Job Group (Skill)","HT","HR Training & Development"
"Candidate Job Group (Skill)","H21","Organizational Development"
"Candidate Job Group (Skill)","HO","HR Organizational Development"
"Candidate Job Group (Skill)","O15","HR Admin"
"Candidate Job Group (Skill)","HA","HR Assistant / Administrator"
"Client Job Group (Skill)","H10","Benefits (HR)"
"Client Job Group (Skill)","CB","HR Benefits"
"Client Job Group (Skill)","H13","Diversity"
"Client Job Group (Skill)","HD","HR Diversity"
"Client Job Group (Skill)","H20","Learning/Training & Development"
"Client Job Group (Skill)","HT","HR Training & Development"
"Client Job Group (Skill)","H21","Organizational Development"
"Client Job Group (Skill)","HO","HR Organizational Development"
"Client Job Group (Skill)","O15","HR Admin"
"Client Job Group (Skill)","HA","HR Assistant / Administrator"
"Candidate Job Group (Skill)","H23","Recruitment Consultant"
"Client Job Group (Skill)","H23","Recruitment Consultant"
"Client Job Group (Skill)","PRC","MPI Consultant"
"Candidate Job Group (Skill)","H12","Compensation (HR)"
"Candidate Job Group (Skill)","HP","HR Payroll"
"Candidate Job Group (Skill)","HCM","HR Compensation"
"Candidate Job Group (Skill)","H18","HR Director"
"Candidate Job Group (Skill)","HDR","HR Director"
"Candidate Job Group (Skill)","HVP","VP HR"
"Client Job Group (Skill)","H12","Compensation (HR)"
"Client Job Group (Skill)","HP","HR Payroll"
"Client Job Group (Skill)","HCM","HR Compensation"
"Client Job Group (Skill)","H18","HR Director"
"Client Job Group (Skill)","HDR","HR Director"
"Client Job Group (Skill)","HVP","VP HR"
"Candidate Job Group (Skill)","H19","HR Generalist"
"Candidate Job Group (Skill)","HG","HR Generalist"
"Candidate Job Group (Skill)","HMG","HR Manager"
"Candidate Job Group (Skill)","SH","Human Resources"
"Candidate Job Group (Skill)","H10","Human Resources (HR) Generalist"
"Candidate Job Group (Skill)","BH","Human Resources"
"Client Job Group (Skill)","H19","HR Generalist"
"Client Job Group (Skill)","HG","HR Generalist"
"Client Job Group (Skill)","HMG","HR Manager"
"Client Job Group (Skill)","SH","Human Resources"
"Client Job Group (Skill)","H10","Human Resources (HR) Generalist"
"Client Job Group (Skill)","BH","Human Resources"
"Candidate Job Group (Skill)","O19","Marketing & Sales Admin"
"Candidate Job Group (Skill)","MAS","Marketing Assistant"
"Candidate Job Group (Skill)","M10","Advertising"
"Candidate Job Group (Skill)","MAD","Advertising"
"Candidate Job Group (Skill)","M11","Brand Management"
"Candidate Job Group (Skill)","MBR","Brand Marketing"
"Candidate Job Group (Skill)","M15","Customer Relationship Management (CRM)"
"Candidate Job Group (Skill)","MDA","Database Marketing"
"Candidate Job Group (Skill)","M16","Design & Creative"
"Candidate Job Group (Skill)","MC","Creative"
"Candidate Job Group (Skill)","M17","Direct Marketing/Campaign"
"Candidate Job Group (Skill)","MDM","Direct Marketing"
"Candidate Job Group (Skill)","M19","Editor"
"Candidate Job Group (Skill)","MAWE","Writing / Editor"
"Candidate Job Group (Skill)","M20","Fundraising /Gift Officer"
"Candidate Job Group (Skill)","MAFU","Fundraising"
"Candidate Job Group (Skill)","M21","In-House Communications"
"Candidate Job Group (Skill)","MAIC","Internal Communications"
"Candidate Job Group (Skill)","M22","Marketing Director"
"Candidate Job Group (Skill)","MAMD","Marketing Director / VP"
"Candidate Job Group (Skill)","M26","Public Relations (PR)"
"Candidate Job Group (Skill)","MPR","Public Relations"
"Candidate Job Group (Skill)","M28","Trade /Channel Marketing"
"Candidate Job Group (Skill)","MTC","Trade Marketing  / Category Marketing"
"Candidate Job Group (Skill)","S19","Pre Sales"
"Candidate Job Group (Skill)","SCS","Channel Sales"
"Candidate Job Group (Skill)","S21","Sales Manager"
"Candidate Job Group (Skill)","SAMD","Sales Manager / Director / VP"
"Candidate Job Group (Skill)","S20","Sales / Business Development Director"
"Candidate Job Group (Skill)","SBD","New Business Development"
"Client Job Group (Skill)","O19","Marketing & Sales Admin"
"Client Job Group (Skill)","MAS","Marketing Assistant"
"Client Job Group (Skill)","M10","Advertising"
"Client Job Group (Skill)","MAD","Advertising"
"Client Job Group (Skill)","M11","Brand Management"
"Client Job Group (Skill)","MBR","Brand Marketing"
"Client Job Group (Skill)","M15","Customer Relationship Management (CRM)"
"Client Job Group (Skill)","MDA","Database Marketing"
"Client Job Group (Skill)","M16","Design & Creative"
"Client Job Group (Skill)","MC","Creative"
"Client Job Group (Skill)","M17","Direct Marketing/Campaign"
"Client Job Group (Skill)","MDM","Direct Marketing"
"Client Job Group (Skill)","M19","Editor"
"Client Job Group (Skill)","MAWE","Writing / Editor"
"Client Job Group (Skill)","M20","Fundraising /Gift Officer"
"Client Job Group (Skill)","MAFU","Fundraising"
"Client Job Group (Skill)","M21","In-House Communications"
"Client Job Group (Skill)","MAIC","Internal Communications"
"Client Job Group (Skill)","M22","Marketing Director"
"Client Job Group (Skill)","MAMD","Marketing Director / VP"
"Client Job Group (Skill)","M26","Public Relations (PR)"
"Client Job Group (Skill)","MPR","Public Relations"
"Client Job Group (Skill)","M28","Trade /Channel Marketing"
"Client Job Group (Skill)","MTC","Trade Marketing  / Category Marketing"
"Client Job Group (Skill)","S19","Pre Sales"
"Client Job Group (Skill)","SCS","Channel Sales"
"Client Job Group (Skill)","S21","Sales Manager"
"Client Job Group (Skill)","SAMD","Sales Manager / Director / VP"
"Client Job Group (Skill)","S20","Sales / Business Development Director"
"Client Job Group (Skill)","SBD","New Business Development"
"Candidate Job Group (Skill)","M14","Corporate/External Communications"
"Candidate Job Group (Skill)","MCO","Marketing Communications"
"Candidate Job Group (Skill)","FNC","NP - Communications"
"Client Job Group (Skill)","M14","Corporate/External Communications"
"Client Job Group (Skill)","MCO","Marketing Communications"
"Client Job Group (Skill)","FNC","NP - Communications"
"Candidate Job Group (Skill)","M18","E-Commerce & Online"
"Candidate Job Group (Skill)","MON","Online Marketing"
"Candidate Job Group (Skill)","SOS","Online Sales"
"Candidate Job Group (Skill)","M23","Marketing Management"
"Candidate Job Group (Skill)","GM","General Management"
"Candidate Job Group (Skill)","MAMG","Marketing Management"
"Candidate Job Group (Skill)","M25","Product Management"
"Candidate Job Group (Skill)","MPM","Product Marketing"
"Candidate Job Group (Skill)","MPN","Product Manager"
"Candidate Job Group (Skill)","S12","B2B Sales"
"Candidate Job Group (Skill)","SARS","Retail Sales"
"Candidate Job Group (Skill)","SDS","Direct Sales"
"Client Job Group (Skill)","M18","E-Commerce & Online"
"Client Job Group (Skill)","MON","Online Marketing"
"Client Job Group (Skill)","SOS","Online Sales"
"Client Job Group (Skill)","M23","Marketing Management"
"Client Job Group (Skill)","GM","General Management"
"Client Job Group (Skill)","MAMG","Marketing Management"
"Client Job Group (Skill)","M25","Product Management"
"Client Job Group (Skill)","MPM","Product Marketing"
"Client Job Group (Skill)","MPN","Product Manager"
"Client Job Group (Skill)","S12","B2B Sales"
"Client Job Group (Skill)","SARS","Retail Sales"
"Client Job Group (Skill)","SDS","Direct Sales"
"Candidate Job Group (Skill)","S10","B2B Account Manager"
"Candidate Job Group (Skill)","SABB","Sales Business to Business"
"Candidate Job Group (Skill)","SAM","Account Manager"
"Candidate Job Group (Skill)","SIS","Inside Sales"
"Client Job Group (Skill)","S10","B2B Account Manager"
"Client Job Group (Skill)","SABB","Sales Business to Business"
"Client Job Group (Skill)","SAM","Account Manager"
"Client Job Group (Skill)","SIS","Inside Sales"
"Candidate Job Group (Skill)","L10","Associate"
"Candidate Job Group (Skill)","LAT","Associate - Law Firm"
"Candidate Job Group (Skill)","L14","Contracts Specialist"
"Candidate Job Group (Skill)","LCM","Contracts Manager - In-House"
"Candidate Job Group (Skill)","L21","Paralegal"
"Candidate Job Group (Skill)","LPL","Paralegal"
"Client Job Group (Skill)","L10","Associate"
"Client Job Group (Skill)","LAT","Associate - Law Firm"
"Client Job Group (Skill)","L14","Contracts Specialist"
"Client Job Group (Skill)","LCM","Contracts Manager - In-House"
"Client Job Group (Skill)","L21","Paralegal"
"Client Job Group (Skill)","LPL","Paralegal"
"Candidate Job Group (Skill)","O17","Legal Secretary"
"Candidate Job Group (Skill)","LCS","In-House Corporate Secretary"
"Candidate Job Group (Skill)","LSS","Legal Secretary / Support Staff"
"Candidate Job Group (Skill)","L22","Partner"
"Candidate Job Group (Skill)","LHP","Hiring Partner - Law Firm"
"Candidate Job Group (Skill)","LMP","Managing Partner"
"Client Job Group (Skill)","O17","Legal Secretary"
"Client Job Group (Skill)","LCS","In-House Corporate Secretary"
"Client Job Group (Skill)","LSS","Legal Secretary / Support Staff"
"Client Job Group (Skill)","L22","Partner"
"Client Job Group (Skill)","LHP","Hiring Partner - Law Firm"
"Client Job Group (Skill)","LMP","Managing Partner"
"Candidate Job Group (Skill)","H22","Recruitment & Talent Acquisition"
"Candidate Job Group (Skill)","LAH","Recruiter - Attorney"
"Candidate Job Group (Skill)","LAP","Recruiter - Support"
"Candidate Job Group (Skill)","HR","HR Recruiter"
"Client Job Group (Skill)","H22","Recruitment & Talent Acquisition"
"Client Job Group (Skill)","LAH","Recruiter - Attorney"
"Client Job Group (Skill)","LAP","Recruiter - Support"
"Client Job Group (Skill)","HR","HR Recruiter"
"Candidate Job Group (Skill)","A18","Financial Reporting"
"Candidate Job Group (Skill)","A19","Reporting"
"Candidate Job Group (Skill)","FI","Financial Reporting/IFRS"
"Client Job Group (Skill)","A18","Financial Reporting"
"Client Job Group (Skill)","A19","Reporting"
"Client Job Group (Skill)","FI","Financial Reporting/IFRS"
"Candidate Job Group (Skill)","L18","In-House Attorney"
"Candidate Job Group (Skill)","L19","In-House General Counsel"
"Candidate Job Group (Skill)","LCS","In-House GC"
"Candidate Job Group (Skill)","LIA","In-House Attorney"
"Candidate Job Group (Skill)","ZL","Lawyer / General Counsel"
"Client Job Group (Skill)","L18","In-House Attorney"
"Client Job Group (Skill)","L19","In-House General Counsel"
"Client Job Group (Skill)","LCS","In-House GC"
"Client Job Group (Skill)","LIA","In-House Attorney"
"Client Job Group (Skill)","ZL","Lawyer / General Counsel"
"Candidate Job Group (Skill)","X02","Chief Executive Officer (CEO)"
"Candidate Job Group (Skill)","CEO","Chief Executive Officer"
"Candidate Job Group (Skill)","X06","Operations Director (OD) / Chief "
"Candidate Job Group (Skill)","COO","CAO /COO/ Head of Ops"
"Client Job Group (Skill)","X02","Chief Executive Officer (CEO)"
"Client Job Group (Skill)","CEO","Chief Executive Officer"
"Client Job Group (Skill)","X06","Operations Director (OD) / Chief "
"Client Job Group (Skill)","COO","CAO /COO/ Head of Ops"
"Client Specialist Skill (Skill)","LIP","IP - Patent"
"Client Specialist Skill (Skill)","LIT","IP - Trademark"
"Client Specialist Skill (Skill)","LRC","Real Estate - Commercial"
"Client Specialist Skill (Skill)","LRR","Real Estate - Residential"
"Candidate Specialist Skill (Skill)","LIP","IP - Patent"
"Candidate Specialist Skill (Skill)","LIT","IP - Trademark"
"Candidate Specialist Skill (Skill)","LRC","Real Estate - Commercial"
"Candidate Specialist Skill (Skill)","LRR","Real Estate - Residential"
